Using SU advection
  upper crust          expected 2700  got  2700.7  OK
  lower crust          expected 2900  got  2900.8  OK
  mantle lithosphere   expected 3300  got  3300.0  OK
  0 SNES Function norm 2.810920718580e+05
  1 SNES Function norm 1.941963155805e-09
  0 SNES Function norm 3.197992322626e+03
  1 SNES Function norm 8.598677040229e-12
  0 SNES Function norm 9.593978005749e+02
  1 SNES Function norm 2.563270442351e-12
  0 SNES Function norm 2.878209364860e+02
  1 SNES Function norm 8.046243205327e-13
  0 SNES Function norm 1.467909635880e+02
  1 SNES Function norm 4.160177036712e-13
  0 SNES Function norm 7.485144444955e+01
  1 SNES Function norm 2.210799950378e-13
  0 SNES Function norm 4.924940425508e+01
  1 SNES Function norm 1.485650171178e-13
  0 SNES Function norm 2.877891568800e+01
  1 SNES Function norm 9.723103438455e-14
  0 SNES Function norm 2.068502978348e+01
  1 SNES Function norm 1.721815911183e-13
  0 SNES Function norm 1.513917786740e+01
  1 SNES Function norm 3.066541639306e-13
  0 SNES Function norm 1.174140534857e+01
  1 SNES Function norm 4.021437536822e-13
  0 SNES Function norm 9.306051595354e+00
  1 SNES Function norm 4.918901938801e-13
  0 SNES Function norm 7.557546682773e+00
  1 SNES Function norm 5.675818145226e-13
  0 SNES Function norm 6.261659482004e+00
  1 SNES Function norm 6.159544833129e-13
  0 SNES Function norm 5.268074899591e+00
  1 SNES Function norm 6.403183730529e-13
  0 SNES Function norm 4.505854393306e+00
  1 SNES Function norm 6.900269349656e-13
  0 SNES Function norm 3.895086977029e+00
  1 SNES Function norm 7.033649503808e-13
  0 SNES Function norm 3.382516286642e+00
  1 SNES Function norm 7.385018204165e-13
  0 SNES Function norm 2.950183215486e+00
  1 SNES Function norm 7.441610730608e-13
  0 SNES Function norm 2.569286539012e+00
  1 SNES Function norm 7.849787560596e-13
  0 SNES Function norm 2.258557082574e+00
  1 SNES Function norm 7.910224976813e-13
  0 SNES Function norm 2.015787342254e+00
  1 SNES Function norm 8.235098798328e-13
  0 SNES Function norm 1.819648248079e+00
  1 SNES Function norm 8.302170861415e-13
  0 SNES Function norm 1.658327434955e+00
  1 SNES Function norm 8.828339356806e-13
  0 SNES Function norm 1.524665770580e+00
  1 SNES Function norm 8.838793501028e-13
  0 SNES Function norm 1.413594892642e+00
  1 SNES Function norm 9.125705661524e-13
  0 SNES Function norm 1.321369599416e+00
  1 SNES Function norm 9.362512386771e-13
  0 SNES Function norm 1.244939449231e+00
  1 SNES Function norm 9.639254807052e-13
  0 SNES Function norm 1.181646728767e+00
  1 SNES Function norm 9.935206129888e-13
  0 SNES Function norm 1.129059041216e+00
  1 SNES Function norm 1.031696897677e-12
  0 SNES Function norm 1.082806375229e+00
  1 SNES Function norm 1.059229195353e-12
  0 SNES Function norm 1.044670770013e+00
  1 SNES Function norm 1.095206506327e-12
  0 SNES Function norm 1.013553285237e+00
  1 SNES Function norm 1.128789084948e-12
  0 SNES Function norm 9.883158468706e-01
  1 SNES Function norm 1.201230993481e-12
  0 SNES Function norm 9.679285351781e-01
  1 SNES Function norm 1.198033439602e-12
  0 SNES Function norm 9.515303875093e-01
  1 SNES Function norm 1.209089500474e-12
  0 SNES Function norm 9.383273709658e-01
  1 SNES Function norm 1.294282047184e-12
  0 SNES Function norm 9.278726235764e-01
  1 SNES Function norm 1.352709105379e-12
  0 SNES Function norm 9.195763490526e-01
  1 SNES Function norm 1.395382182447e-12
  0 SNES Function norm 9.130052919906e-01
  1 SNES Function norm 1.427418197225e-12
  0 SNES Function norm 9.078825521766e-01
  1 SNES Function norm 1.492658295915e-12
  0 SNES Function norm 9.040221113756e-01
  1 SNES Function norm 1.517160913789e-12
  0 SNES Function norm 9.011494592214e-01
  1 SNES Function norm 1.559997252286e-12
  0 SNES Function norm 8.991120448229e-01
  1 SNES Function norm 1.645284092017e-12
  0 SNES Function norm 8.978341251495e-01
  1 SNES Function norm 1.711520813025e-12
  0 SNES Function norm 8.971545582719e-01
  1 SNES Function norm 1.794535596214e-12
  0 SNES Function norm 8.969723745431e-01
  1 SNES Function norm 1.728745161231e-12
  0 SNES Function norm 8.972039732858e-01
  1 SNES Function norm 1.889061279561e-12
  0 SNES Function norm 8.977071140134e-01
  1 SNES Function norm 2.050698653078e-12
  0 SNES Function norm 8.983986131668e-01
  1 SNES Function norm 2.161649582290e-12
  0 SNES Function norm 8.993171467074e-01
  1 SNES Function norm 2.078123064486e-12
  0 SNES Function norm 9.004742799904e-01
  1 SNES Function norm 2.304269545244e-12
  0 SNES Function norm 9.018376864224e-01
  1 SNES Function norm 2.345262447770e-12
  0 SNES Function norm 9.032251321968e-01
  1 SNES Function norm 2.371605532445e-12
  0 SNES Function norm 9.035887437749e-01
  1 SNES Function norm 2.536635728554e-12
  0 SNES Function norm 9.038512159404e-01
  1 SNES Function norm 2.741301423042e-12
  0 SNES Function norm 9.046722932224e-01
  1 SNES Function norm 2.700185099593e-12
  0 SNES Function norm 9.060820208213e-01
  1 SNES Function norm 3.050084315281e-12
  0 SNES Function norm 9.082153373223e-01
  1 SNES Function norm 3.003297373312e-12
  0 SNES Function norm 9.113182752786e-01
  1 SNES Function norm 3.185793816117e-12
  0 SNES Function norm 9.163981641331e-01
  1 SNES Function norm 3.332940078312e-12
  0 SNES Function norm 9.267184453587e-01
  1 SNES Function norm 3.534184475890e-12
  0 SNES Function norm 9.402198130259e-01
  1 SNES Function norm 4.163356965796e-12
  0 SNES Function norm 9.492994737721e-01
  1 SNES Function norm 4.869862793728e-12
  0 SNES Function norm 9.633566755177e-01
  1 SNES Function norm 4.884635019932e-12
  0 SNES Function norm 9.840250274620e-01
  1 SNES Function norm 5.926146042118e-12
  0 SNES Function norm 9.950212698997e-01
  1 SNES Function norm 9.365974740021e-12
  0 SNES Function norm 9.993792237746e-01
  1 SNES Function norm 1.349552281030e-11
  0 SNES Function norm 1.016931284714e+00
  1 SNES Function norm 1.130994113868e-11
  0 SNES Function norm 1.037112523187e+00
  1 SNES Function norm 1.096264036993e-11
  0 SNES Function norm 1.057756111532e+00
  1 SNES Function norm 9.188204693654e-12
  0 SNES Function norm 1.084773602182e+00
  1 SNES Function norm 1.188331250742e-11
  0 SNES Function norm 1.098627085395e+00
  1 SNES Function norm 1.955763045759e-11
  0 SNES Function norm 1.086379795898e+00
  1 SNES Function norm 2.590293209230e-11
  0 SNES Function norm 1.060496308229e+00
  1 SNES Function norm 2.189928583347e-11
  0 SNES Function norm 1.060542469260e+00
  1 SNES Function norm 2.233423907256e-11
  0 SNES Function norm 1.065945657396e+00
  1 SNES Function norm 2.266919678787e-11
  0 SNES Function norm 1.063389639363e+00
  1 SNES Function norm 1.869923201688e-11
  0 SNES Function norm 1.051400824777e+00
  1 SNES Function norm 2.036205823977e-11
  0 SNES Function norm 1.037801120872e+00
  1 SNES Function norm 1.959037522148e-11
  0 SNES Function norm 1.025915894748e+00
  1 SNES Function norm 2.113004913586e-11
  0 SNES Function norm 1.015884836199e+00
  1 SNES Function norm 1.791899968099e-11
  0 SNES Function norm 1.006527789737e+00
  1 SNES Function norm 2.062525609740e-11
  0 SNES Function norm 9.969415629184e-01
  1 SNES Function norm 2.400867302895e-11
  0 SNES Function norm 9.847392413903e-01
  1 SNES Function norm 2.112843258165e-11
  0 SNES Function norm 9.722370078941e-01
  1 SNES Function norm 2.554699696658e-11
  0 SNES Function norm 9.623840356266e-01
  1 SNES Function norm 2.548290080722e-11
  0 SNES Function norm 9.523556110914e-01
  1 SNES Function norm 2.593213078341e-11
  0 SNES Function norm 9.442465809214e-01
  1 SNES Function norm 3.004031336861e-11
  0 SNES Function norm 9.337051926738e-01
  1 SNES Function norm 3.805754634018e-11
  0 SNES Function norm 9.203773432005e-01
  1 SNES Function norm 4.293048407875e-11
  0 SNES Function norm 9.009690873110e-01
  1 SNES Function norm 4.459781087538e-11
  0 SNES Function norm 8.789667049908e-01
  1 SNES Function norm 3.848093945217e-11
  0 SNES Function norm 8.610332341192e-01
  1 SNES Function norm 3.016950792395e-11
  0 SNES Function norm 8.454931598518e-01
  1 SNES Function norm 3.247490755183e-11
  0 SNES Function norm 8.357017558551e-01
  1 SNES Function norm 2.669845207619e-11
  0 SNES Function norm 8.312229133122e-01
  1 SNES Function norm 2.998212649327e-11
  0 SNES Function norm 8.277183140297e-01
  1 SNES Function norm 3.016350538870e-11
  0 SNES Function norm 8.222078519694e-01
  1 SNES Function norm 3.212740189040e-11
  0 SNES Function norm 8.120467011309e-01
  1 SNES Function norm 3.262490052094e-11
  0 SNES Function norm 7.990760205161e-01
  1 SNES Function norm 3.424189920800e-11
  0 SNES Function norm 7.850618900614e-01
  1 SNES Function norm 2.927592702121e-11
  0 SNES Function norm 7.695544157096e-01
  1 SNES Function norm 3.841575255997e-11
  0 SNES Function norm 7.552184764517e-01
  1 SNES Function norm 3.738888638016e-11
  0 SNES Function norm 7.436361164874e-01
  1 SNES Function norm 4.158327837407e-11
  0 SNES Function norm 7.331224648343e-01
  1 SNES Function norm 3.839161711505e-11
  0 SNES Function norm 7.234474497340e-01
  1 SNES Function norm 4.367165544847e-11
  0 SNES Function norm 7.148936428707e-01
  1 SNES Function norm 4.127668216385e-11
  0 SNES Function norm 7.084177035876e-01
  1 SNES Function norm 4.577428283757e-11
  0 SNES Function norm 7.025984439460e-01
  1 SNES Function norm 4.306028393244e-11
  0 SNES Function norm 6.959592290648e-01
  1 SNES Function norm 4.035136134120e-11
  0 SNES Function norm 6.867028351990e-01
  1 SNES Function norm 4.962736837701e-11
  0 SNES Function norm 6.784415847600e-01
  1 SNES Function norm 4.569772772912e-11
  0 SNES Function norm 6.712449988924e-01
  1 SNES Function norm 5.377744395414e-11
  0 SNES Function norm 6.653001017020e-01
  1 SNES Function norm 5.608868988361e-11
  0 SNES Function norm 6.585683599187e-01
  1 SNES Function norm 5.280845411571e-11
  0 SNES Function norm 6.489811042069e-01
  1 SNES Function norm 5.177901164482e-11
  0 SNES Function norm 6.405376610153e-01
  1 SNES Function norm 5.723216992922e-11
  0 SNES Function norm 6.342280523037e-01
  1 SNES Function norm 5.892046147519e-11
  0 SNES Function norm 6.282178859943e-01
  1 SNES Function norm 5.636827282228e-11
  0 SNES Function norm 6.213009300988e-01
  1 SNES Function norm 5.556030010860e-11
  0 SNES Function norm 6.136817929067e-01
  1 SNES Function norm 5.482842501200e-11
  0 SNES Function norm 6.071571112517e-01
  1 SNES Function norm 5.711855534127e-11
  0 SNES Function norm 6.013495266422e-01
  1 SNES Function norm 5.703016588045e-11
  0 SNES Function norm 5.966671273764e-01
  1 SNES Function norm 6.385358766454e-11
  0 SNES Function norm 5.922242685537e-01
  1 SNES Function norm 6.113984658150e-11
  0 SNES Function norm 5.873606234947e-01
  1 SNES Function norm 6.239305279645e-11
  0 SNES Function norm 5.831957998270e-01
  1 SNES Function norm 6.231379091816e-11
  0 SNES Function norm 5.793379585135e-01
  1 SNES Function norm 6.082975232858e-11
  0 SNES Function norm 5.756826358636e-01
  1 SNES Function norm 6.011888205776e-11
  0 SNES Function norm 5.721539423612e-01
  1 SNES Function norm 6.944927672558e-11
  0 SNES Function norm 5.677677731010e-01
  1 SNES Function norm 5.954009377366e-11
  0 SNES Function norm 5.618213904803e-01
  1 SNES Function norm 6.583640520537e-11
  0 SNES Function norm 5.569282864331e-01
  1 SNES Function norm 6.989061893690e-11
  0 SNES Function norm 5.526905468529e-01
  1 SNES Function norm 6.802975554308e-11
  0 SNES Function norm 5.488828689334e-01
  1 SNES Function norm 6.606472438504e-11
  0 SNES Function norm 5.454097901545e-01
  1 SNES Function norm 6.902632482971e-11
  0 SNES Function norm 5.406439342259e-01
  1 SNES Function norm 7.029833237096e-11
  0 SNES Function norm 5.365334901144e-01
  1 SNES Function norm 7.628320665310e-11
  0 SNES Function norm 5.329536003021e-01
  1 SNES Function norm 7.031065432629e-11
  0 SNES Function norm 5.289385237390e-01
  1 SNES Function norm 7.144125905031e-11
  0 SNES Function norm 5.252447903171e-01
  1 SNES Function norm 6.612968019083e-11
  0 SNES Function norm 5.214049951863e-01
  1 SNES Function norm 7.300666752556e-11
  0 SNES Function norm 5.178386938375e-01
  1 SNES Function norm 7.058439907635e-11
  0 SNES Function norm 5.148691941491e-01
  1 SNES Function norm 6.737130680109e-11
  0 SNES Function norm 5.119429216726e-01
  1 SNES Function norm 7.702908559015e-11
  0 SNES Function norm 5.083557381117e-01
  1 SNES Function norm 6.984118419597e-11
  0 SNES Function norm 5.051475419843e-01
  1 SNES Function norm 7.564453157914e-11
  0 SNES Function norm 5.003563260237e-01
  1 SNES Function norm 8.511597448749e-11
  0 SNES Function norm 4.958121622610e-01
  1 SNES Function norm 7.963545630174e-11
  0 SNES Function norm 4.918036661448e-01
  1 SNES Function norm 8.176606947925e-11
  0 SNES Function norm 4.880267904525e-01
  1 SNES Function norm 7.605546451935e-11
  0 SNES Function norm 4.839155124714e-01
  1 SNES Function norm 7.808169757502e-11
  0 SNES Function norm 4.796942188682e-01
  1 SNES Function norm 7.817128522541e-11
  0 SNES Function norm 4.741990150494e-01
  1 SNES Function norm 8.140856113641e-11
  0 SNES Function norm 4.689153415157e-01
  1 SNES Function norm 8.292486393601e-11
  0 SNES Function norm 4.645487945149e-01
  1 SNES Function norm 8.194974838258e-11
  0 SNES Function norm 4.608798287391e-01
  1 SNES Function norm 8.947452720365e-11
  0 SNES Function norm 4.573940055847e-01
  1 SNES Function norm 7.887055454722e-11
  0 SNES Function norm 4.546911753872e-01
  1 SNES Function norm 7.752886703513e-11
  0 SNES Function norm 4.521280204589e-01
  1 SNES Function norm 8.494103149111e-11
  0 SNES Function norm 4.498694838408e-01
  1 SNES Function norm 4.985432427372e+01
  2 SNES Function norm 5.068650566800e+01
  3 SNES Function norm 4.979529208894e+01
  4 SNES Function norm 4.782745883011e+01
  5 SNES Function norm 4.733148972167e+01
  6 SNES Function norm 4.701255274927e+01
  7 SNES Function norm 4.602797108470e+01
  8 SNES Function norm 4.543334572580e+01
  9 SNES Function norm 4.440278351378e+01
 10 SNES Function norm 4.331155447235e+01
 11 SNES Function norm 3.550118666826e+02
 12 SNES Function norm 1.496989511450e+02
 13 SNES Function norm 1.042218922493e+02
 14 SNES Function norm 7.974466289437e+01
 15 SNES Function norm 6.952582304237e+01
 16 SNES Function norm 8.865902288183e+01
 17 SNES Function norm 7.776755986461e+01
 18 SNES Function norm 9.720649970587e+01
 19 SNES Function norm 8.330110044054e+01
 20 SNES Function norm 9.778537272583e+01
 21 SNES Function norm 8.103615378705e+01
 22 SNES Function norm 7.872522469870e+01
 23 SNES Function norm 7.001543006294e+01
 24 SNES Function norm 6.443649282939e+01
 25 SNES Function norm 6.109681343408e+01
 26 SNES Function norm 5.432783173636e+01
 27 SNES Function norm 5.036330257931e+01
 28 SNES Function norm 1.199670506654e+02
 29 SNES Function norm 1.065299585709e+02
 30 SNES Function norm 9.097317990602e+01
 31 SNES Function norm 8.134146993961e+01
 32 SNES Function norm 8.001150334554e+01
 33 SNES Function norm 7.931793363417e+01
 34 SNES Function norm 7.880925785501e+01
 35 SNES Function norm 7.819317187243e+01
 36 SNES Function norm 7.709878204536e+01
 37 SNES Function norm 7.410567984936e+01
 38 SNES Function norm 6.828242648582e+01
 39 SNES Function norm 5.940848600820e+01
 40 SNES Function norm 5.638781215718e+01
 41 SNES Function norm 5.652244975327e+01
 42 SNES Function norm 5.281271045142e+01
 43 SNES Function norm 5.044108668011e+01
 44 SNES Function norm 4.913938135457e+01
 45 SNES Function norm 4.618416717751e+01
 46 SNES Function norm 1.361204811400e+02
 47 SNES Function norm 9.948899690297e+01
 48 SNES Function norm 8.535436774629e+01
 49 SNES Function norm 7.694174935544e+01
 50 SNES Function norm 7.148832756351e+01
 51 SNES Function norm 6.749313014158e+01
 52 SNES Function norm 6.281440564781e+01
 53 SNES Function norm 6.062322729226e+01
 54 SNES Function norm 5.830297388257e+01
 55 SNES Function norm 5.671818188832e+01
 56 SNES Function norm 5.540257276282e+01
 57 SNES Function norm 2.728178745920e+02
 58 SNES Function norm 1.253843889714e+02
 59 SNES Function norm 9.582871499447e+01
 60 SNES Function norm 8.377426600772e+01
 61 SNES Function norm 8.198538679778e+01
 62 SNES Function norm 9.945168602412e+01
 63 SNES Function norm 8.246628908259e+01
 64 SNES Function norm 1.045134505124e+02
 65 SNES Function norm 8.665362207200e+01
 66 SNES Function norm 9.876159855644e+01
 67 SNES Function norm 8.210794905414e+01
 68 SNES Function norm 9.451373385276e+01
 69 SNES Function norm 7.860192570098e+01
 70 SNES Function norm 7.654985710993e+01
 71 SNES Function norm 6.940525754036e+01
 72 SNES Function norm 6.286389877421e+01
 73 SNES Function norm 6.122337963742e+01
 74 SNES Function norm 5.523820439061e+01
 75 SNES Function norm 4.915252935215e+01
 76 SNES Function norm 4.848276095167e+01
 77 SNES Function norm 4.795946650914e+01
 78 SNES Function norm 4.760485812492e+01
 79 SNES Function norm 4.588718092566e+01
 80 SNES Function norm 4.234893128727e+01
 81 SNES Function norm 3.816623257453e+01
 82 SNES Function norm 1.965905797771e+03
 83 SNES Function norm 1.155330106315e+02
 84 SNES Function norm 9.331568603650e+01
 85 SNES Function norm 8.393127964220e+01
 86 SNES Function norm 1.037014469242e+02
 87 SNES Function norm 8.516693518691e+01
 88 SNES Function norm 1.142149736010e+02
 89 SNES Function norm 8.968317499068e+01
 90 SNES Function norm 1.165166309242e+02
 91 SNES Function norm 8.964694931695e+01
 92 SNES Function norm 1.162934999376e+02
 93 SNES Function norm 8.987915480731e+01
 94 SNES Function norm 1.157117342039e+02
 95 SNES Function norm 8.906159598668e+01
 96 SNES Function norm 1.151459984599e+02
 97 SNES Function norm 9.208363545995e+01
 98 SNES Function norm 1.161056249139e+02
 99 SNES Function norm 9.219855741288e+01
100 SNES Function norm 1.134883806450e+02
    Linear DIRK33-Equation_ solve converged due to CONVERGED_ITS iterations 1
    Linear DIRK33-Equation_ solve converged due to CONVERGED_ITS iterations 1
    Linear DIRK33-Equation_ solve converged due to CONVERGED_ITS iterations 1
  step   0  picard 160 (res 5.73e-04)  newton FAILED  |u|max 1.85  dt 2.00e-03  Co 0.178  psi [-0.0000, +1.0001]  dV 8.00e-03  strain max 1.561
  0 SNES Function norm 1.170372714387e+00
  1 SNES Function norm 8.570894026468e-11
  0 SNES Function norm 8.414724069763e-01
  1 SNES Function norm 8.531747483710e-11
  0 SNES Function norm 6.895223889029e-01
  1 SNES Function norm 9.085773720212e-11
  0 SNES Function norm 6.013683924404e-01
  1 SNES Function norm 8.453584729785e-11
  0 SNES Function norm 5.432860255907e-01
  1 SNES Function norm 8.690326941479e-11
  0 SNES Function norm 5.029630194007e-01
  1 SNES Function norm 8.910450759124e-11
  0 SNES Function norm 4.721411456543e-01
  1 SNES Function norm 8.227587132320e-11
  0 SNES Function norm 4.473067966638e-01
  1 SNES Function norm 1.002201090906e-10
  0 SNES Function norm 4.259375125164e-01
  1 SNES Function norm 9.218924387308e-11
  0 SNES Function norm 4.063992293240e-01
  1 SNES Function norm 9.800473158885e-11
  0 SNES Function norm 3.887421593574e-01
  1 SNES Function norm 9.567106189659e-11
  0 SNES Function norm 3.748102032029e-01
  1 SNES Function norm 8.908465128487e-11
  0 SNES Function norm 3.624481351786e-01
  1 SNES Function norm 9.458126848330e-11
  0 SNES Function norm 3.528067308841e-01
  1 SNES Function norm 9.935885174945e-11
  0 SNES Function norm 3.442568174568e-01
  1 SNES Function norm 9.570024193857e-11
  0 SNES Function norm 3.346851898201e-01
  1 SNES Function norm 9.845202088630e-11
  0 SNES Function norm 3.251857830980e-01
  1 SNES Function norm 1.039059404170e-10
  0 SNES Function norm 3.163652363698e-01
  1 SNES Function norm 1.028387053596e-10
  0 SNES Function norm 3.072877203426e-01
  1 SNES Function norm 1.060259550001e-10
  0 SNES Function norm 2.982105165168e-01
  1 SNES Function norm 9.813273383147e-11
  0 SNES Function norm 2.899065791384e-01
  1 SNES Function norm 1.004027420340e-10
  0 SNES Function norm 2.816190548305e-01
  1 SNES Function norm 9.982479819174e-11
  0 SNES Function norm 2.732318446277e-01
  1 SNES Function norm 9.812819929115e-11
  0 SNES Function norm 2.649000684795e-01
  1 SNES Function norm 1.062133042032e-10
  0 SNES Function norm 2.584833824142e-01
  1 SNES Function norm 9.646319006147e-11
  0 SNES Function norm 2.527484141056e-01
  1 SNES Function norm 9.555051182876e-11
  0 SNES Function norm 2.473269730377e-01
  1 SNES Function norm 1.033144173188e-10
  0 SNES Function norm 2.416914018701e-01
  1 SNES Function norm 9.882221933692e-11
  0 SNES Function norm 2.367299340141e-01
  1 SNES Function norm 1.036390160081e-10
  0 SNES Function norm 2.328472951407e-01
  1 SNES Function norm 1.095325903527e-10
  0 SNES Function norm 2.292625171813e-01
  1 SNES Function norm 1.046653347602e-10
  0 SNES Function norm 2.253909729305e-01
  1 SNES Function norm 1.072444854354e-10
  0 SNES Function norm 2.213839768090e-01
  1 SNES Function norm 1.020814766490e-10
  0 SNES Function norm 2.175975594799e-01
  1 SNES Function norm 9.599818766292e-11
  0 SNES Function norm 2.149104006744e-01
  1 SNES Function norm 1.018968429945e-10
  0 SNES Function norm 2.111046262102e-01
  1 SNES Function norm 1.014900838154e-10
  0 SNES Function norm 2.076656059896e-01
  1 SNES Function norm 1.010328278787e-10
  0 SNES Function norm 2.046085923870e-01
  1 SNES Function norm 1.005644513931e-10
  0 SNES Function norm 1.998057754848e-01
  1 SNES Function norm 9.666754162516e-11
  0 SNES Function norm 1.961307235185e-01
  1 SNES Function norm 1.047504863873e-10
  0 SNES Function norm 1.927430851972e-01
  1 SNES Function norm 1.493960513132e+00
  2 SNES Function norm 2.179867030646e+00
  3 SNES Function norm 9.807602937598e+00
  4 SNES Function norm 6.630130193673e+01
  5 SNES Function norm 6.673960954819e+01
  6 SNES Function norm 6.237888428049e+01
  7 SNES Function norm 5.991077819202e+01
  8 SNES Function norm 5.935863961550e+01
  9 SNES Function norm 5.820300282434e+01
 10 SNES Function norm 5.677466471642e+01
 11 SNES Function norm 5.669765645496e+01
 12 SNES Function norm 5.519896941628e+01
 13 SNES Function norm 5.468038979364e+01
 14 SNES Function norm 5.430878529705e+01
 15 SNES Function norm 5.238953065162e+01
 16 SNES Function norm 5.198186030105e+01
 17 SNES Function norm 3.356737837138e+02
 18 SNES Function norm 2.273614209988e+02
 19 SNES Function norm 1.225734411908e+02
 20 SNES Function norm 9.270702236139e+01
 21 SNES Function norm 8.388561761169e+01
 22 SNES Function norm 7.746206258946e+01
 23 SNES Function norm 7.181248477531e+01
 24 SNES Function norm 6.586993442273e+01
 25 SNES Function norm 6.068265496930e+01
 26 SNES Function norm 5.607227189505e+01
 27 SNES Function norm 5.481836027961e+01
 28 SNES Function norm 5.447159451390e+01
 29 SNES Function norm 5.084900050701e+01
 30 SNES Function norm 4.759509427042e+01
 31 SNES Function norm 4.688285220009e+01
 32 SNES Function norm 4.642740464443e+01
 33 SNES Function norm 4.574676523221e+01
 34 SNES Function norm 4.465153034910e+01
 35 SNES Function norm 4.337069267438e+01
 36 SNES Function norm 4.280040148884e+01
 37 SNES Function norm 4.135802633620e+01
 38 SNES Function norm 4.552408172084e+01
 39 SNES Function norm 4.487389701514e+01
 40 SNES Function norm 4.285113154959e+01
 41 SNES Function norm 4.089127672384e+01
 42 SNES Function norm 3.855633764166e+01
 43 SNES Function norm 3.655529252473e+01
 44 SNES Function norm 1.195964780108e+02
 45 SNES Function norm 9.559100505916e+01
 46 SNES Function norm 9.417255211866e+01
 47 SNES Function norm 8.135878444131e+01
 48 SNES Function norm 8.117371368990e+01
 49 SNES Function norm 7.820597129737e+01
 50 SNES Function norm 7.325107647642e+01
 51 SNES Function norm 6.788302624772e+01
 52 SNES Function norm 6.441510457550e+01
 53 SNES Function norm 5.967800669253e+01
 54 SNES Function norm 5.829949949565e+01
 55 SNES Function norm 5.593708159814e+01
 56 SNES Function norm 5.590424447892e+01
 57 SNES Function norm 5.587712794770e+01
 58 SNES Function norm 3.127663601245e+02
 59 SNES Function norm 1.037418598079e+02
 60 SNES Function norm 8.363525749318e+01
 61 SNES Function norm 7.820811180352e+01
 62 SNES Function norm 7.309772197898e+01
 63 SNES Function norm 6.643790930209e+01
 64 SNES Function norm 6.209818337607e+01
 65 SNES Function norm 5.760561702963e+01
 66 SNES Function norm 5.356323378068e+01
 67 SNES Function norm 5.316673090555e+01
 68 SNES Function norm 5.173455072799e+01
 69 SNES Function norm 5.042714730752e+01
 70 SNES Function norm 4.980730593337e+01
 71 SNES Function norm 4.710752448838e+01
 72 SNES Function norm 4.675596984328e+01
 73 SNES Function norm 4.377242781442e+01
 74 SNES Function norm 4.221104310963e+01
 75 SNES Function norm 4.029533596550e+01
 76 SNES Function norm 3.965503829602e+01
 77 SNES Function norm 3.873698711119e+01
 78 SNES Function norm 3.700138206333e+01
 79 SNES Function norm 3.672209887686e+01
 80 SNES Function norm 3.549807803935e+01
 81 SNES Function norm 3.487045622083e+01
 82 SNES Function norm 3.359277762600e+01
 83 SNES Function norm 3.223274106447e+01
 84 SNES Function norm 3.683861149708e+01
 85 SNES Function norm 3.725810878370e+01
 86 SNES Function norm 3.710976188854e+01
 87 SNES Function norm 3.686598663179e+01
 88 SNES Function norm 3.566923986503e+01
 89 SNES Function norm 7.045047144626e+01
 90 SNES Function norm 7.897408702111e+01
 91 SNES Function norm 5.482190967480e+01
 92 SNES Function norm 5.419576213331e+01
 93 SNES Function norm 5.498159339795e+01
 94 SNES Function norm 5.338071873972e+01
 95 SNES Function norm 5.224452324620e+01
 96 SNES Function norm 5.013887245908e+01
 97 SNES Function norm 4.946558201941e+01
 98 SNES Function norm 2.212495926412e+03
    Linear DIRK33-Equation_ solve converged due to CONVERGED_ITS iterations 1
    Linear DIRK33-Equation_ solve converged due to CONVERGED_ITS iterations 1
    Linear DIRK33-Equation_ solve converged due to CONVERGED_ITS iterations 1
  step   1  picard  40 (res 1.02e-04)  newton FAILED  |u|max 1.86  dt 2.00e-03  Co 0.179  psi [-0.0000, +1.0003]  dV 1.60e-02  strain max 1.597
  0 SNES Function norm 7.734837485178e-01
  1 SNES Function norm 1.088007494735e-10
  0 SNES Function norm 5.112048985918e-01
  1 SNES Function norm 1.074216418132e-10
  0 SNES Function norm 3.895227181751e-01
  1 SNES Function norm 1.060273338024e-10
  0 SNES Function norm 3.270851305526e-01
  1 SNES Function norm 1.078943595472e-10
  0 SNES Function norm 2.885736879304e-01
  1 SNES Function norm 9.680122514266e-11
  0 SNES Function norm 2.636126981600e-01
  1 SNES Function norm 1.142495723361e-10
  0 SNES Function norm 2.454538785935e-01
  1 SNES Function norm 1.095002481046e-10
  0 SNES Function norm 2.312774917718e-01
  1 SNES Function norm 9.966388935049e-11
  0 SNES Function norm 2.194838607377e-01
  1 SNES Function norm 1.133605039562e-10
  0 SNES Function norm 2.103764681542e-01
  1 SNES Function norm 1.048175607337e-10
  0 SNES Function norm 2.036396376854e-01
  1 SNES Function norm 1.125231995781e-10
  0 SNES Function norm 1.982970353103e-01
  1 SNES Function norm 1.102047102625e-10
  0 SNES Function norm 1.935663189928e-01
  1 SNES Function norm 1.048850753147e-10
  0 SNES Function norm 1.877233434581e-01
  1 SNES Function norm 1.070818099022e-10
  0 SNES Function norm 1.830664805785e-01
  1 SNES Function norm 1.058567179652e-10
  0 SNES Function norm 1.789775110678e-01
  1 SNES Function norm 1.076717223123e-10
  0 SNES Function norm 1.754887458002e-01
  1 SNES Function norm 1.156760235402e-10
  0 SNES Function norm 1.717061046246e-01
  1 SNES Function norm 1.083461620862e-10
  0 SNES Function norm 1.679513554761e-01
  1 SNES Function norm 1.051238159743e-10
  0 SNES Function norm 1.655053647143e-01
  1 SNES Function norm 1.137554092602e-10
  0 SNES Function norm 1.632456064398e-01
  1 SNES Function norm 1.088917133644e-10
  0 SNES Function norm 1.611199965006e-01
  1 SNES Function norm 1.120409370329e-10
  0 SNES Function norm 1.592245537177e-01
  1 SNES Function norm 1.092512955759e-10
  0 SNES Function norm 1.574931473818e-01
  1 SNES Function norm 1.072877263590e-10
  0 SNES Function norm 1.558392598541e-01
  1 SNES Function norm 1.104228743857e-10
  0 SNES Function norm 1.543245605010e-01
  1 SNES Function norm 1.114030274537e-10
  0 SNES Function norm 1.527410169257e-01
  1 SNES Function norm 1.061900358246e-10
  0 SNES Function norm 1.505736701881e-01
  1 SNES Function norm 1.105912199225e-10
  0 SNES Function norm 1.486848252326e-01
  1 SNES Function norm 1.139926756125e-10
  0 SNES Function norm 1.469187638499e-01
  1 SNES Function norm 1.057719958488e-10
  0 SNES Function norm 1.453632362901e-01
  1 SNES Function norm 1.169987313880e-10
  0 SNES Function norm 1.439549948970e-01
  1 SNES Function norm 1.060882420146e-10
  0 SNES Function norm 1.426607363951e-01
  1 SNES Function norm 1.135477426995e-10
  0 SNES Function norm 1.413824100728e-01
  1 SNES Function norm 1.142032157132e-10
  0 SNES Function norm 1.400996409144e-01
  1 SNES Function norm 1.132917166037e-10
  0 SNES Function norm 1.389727509792e-01
  1 SNES Function norm 1.101719891287e-10
  0 SNES Function norm 1.380318519373e-01
  1 SNES Function norm 9.261539519840e-01
  2 SNES Function norm 2.093397149145e+01
  3 SNES Function norm 4.566876423647e+02
  4 SNES Function norm 1.032280326437e+02
  5 SNES Function norm 8.650038315376e+01
  6 SNES Function norm 8.085833795225e+01
  7 SNES Function norm 7.617605253086e+01
  8 SNES Function norm 7.002765015993e+01
  9 SNES Function norm 6.678064538867e+01
 10 SNES Function norm 6.170763767979e+01
 11 SNES Function norm 7.600654213275e+01
 12 SNES Function norm 7.049278450499e+01
 13 SNES Function norm 6.648363907161e+01
 14 SNES Function norm 6.266176613154e+01
 15 SNES Function norm 5.693185850142e+01
 16 SNES Function norm 5.207452508093e+01
 17 SNES Function norm 4.976324956542e+01
 18 SNES Function norm 4.738397719949e+01
 19 SNES Function norm 4.654428439763e+01
 20 SNES Function norm 4.495958613401e+01
 21 SNES Function norm 4.398974748223e+01
 22 SNES Function norm 4.339200737394e+01
 23 SNES Function norm 4.063815453832e+01
 24 SNES Function norm 3.970879909791e+02
 25 SNES Function norm 1.520796406090e+02
 26 SNES Function norm 1.048260029260e+02
 27 SNES Function norm 8.507083286332e+01
 28 SNES Function norm 7.984950627277e+01
 29 SNES Function norm 7.554321506533e+01
 30 SNES Function norm 6.931732876481e+01
 31 SNES Function norm 6.391580934573e+01
 32 SNES Function norm 5.866741419327e+01
 33 SNES Function norm 5.434156818352e+01
 34 SNES Function norm 1.267651910454e+02
 35 SNES Function norm 1.018675225957e+02
 36 SNES Function norm 8.667531968707e+01
 37 SNES Function norm 7.892269932864e+01
 38 SNES Function norm 9.667609135685e+01
 39 SNES Function norm 8.249443115182e+01
 40 SNES Function norm 9.675700767989e+01
 41 SNES Function norm 7.946555264007e+01
 42 SNES Function norm 9.827467046226e+01
 43 SNES Function norm 8.319339246033e+01
 44 SNES Function norm 7.155831057716e+01
 45 SNES Function norm 6.228320216962e+01
 46 SNES Function norm 5.580205621700e+01
 47 SNES Function norm 5.563161017512e+01
 48 SNES Function norm 5.325517439677e+01
 49 SNES Function norm 4.951623204263e+01
 50 SNES Function norm 4.716116084611e+01
 51 SNES Function norm 4.626456269320e+01
 52 SNES Function norm 4.507371569167e+01
 53 SNES Function norm 4.261645754330e+01
 54 SNES Function norm 4.056261522663e+01
 55 SNES Function norm 3.681460877887e+01
 56 SNES Function norm 3.486863038093e+01
 57 SNES Function norm 1.771675284518e+03
    Linear DIRK33-Equation_ solve converged due to CONVERGED_ITS iterations 1
    Linear DIRK33-Equation_ solve converged due to CONVERGED_ITS iterations 1
    Linear DIRK33-Equation_ solve converged due to CONVERGED_ITS iterations 1
  step   2  picard  36 (res 9.67e-05)  newton FAILED  |u|max 1.88  dt 2.00e-03  Co 0.180  psi [-0.0000, +1.0007]  dV 2.39e-02  strain max 1.620
  0 SNES Function norm 6.719965229588e-01
  1 SNES Function norm 1.125089487994e-10
  0 SNES Function norm 4.411228592152e-01
  1 SNES Function norm 1.129108403457e-10
  0 SNES Function norm 3.294619561050e-01
  1 SNES Function norm 1.178627995081e-10
  0 SNES Function norm 2.782454483625e-01
  1 SNES Function norm 1.092446932209e-10
  0 SNES Function norm 2.511031170247e-01
  1 SNES Function norm 1.145256930571e-10
  0 SNES Function norm 2.340448158793e-01
  1 SNES Function norm 1.109855092866e-10
  0 SNES Function norm 2.223325018705e-01
  1 SNES Function norm 1.142897220968e-10
  0 SNES Function norm 2.137640491711e-01
  1 SNES Function norm 1.088460667473e-10
  0 SNES Function norm 2.070271224638e-01
  1 SNES Function norm 1.127165784254e-10
  0 SNES Function norm 2.012711635230e-01
  1 SNES Function norm 1.114039221425e-10
  0 SNES Function norm 1.958818072205e-01
  1 SNES Function norm 1.115207377447e-10
  0 SNES Function norm 1.913702333977e-01
  1 SNES Function norm 1.178969328750e-10
  0 SNES Function norm 1.876235290106e-01
  1 SNES Function norm 1.149055575013e-10
  0 SNES Function norm 1.841834822276e-01
  1 SNES Function norm 1.223778350589e-10
  0 SNES Function norm 1.808912117192e-01
  1 SNES Function norm 1.213828449058e-10
  0 SNES Function norm 1.776799658566e-01
  1 SNES Function norm 1.237853192328e-10
  0 SNES Function norm 1.747777190890e-01
  1 SNES Function norm 1.144198343982e-10
  0 SNES Function norm 1.720575829146e-01
  1 SNES Function norm 1.150250927307e-10
  0 SNES Function norm 1.692932897032e-01
  1 SNES Function norm 1.189065783361e-10
  0 SNES Function norm 1.667994704606e-01
  1 SNES Function norm 1.139746035443e-10
  0 SNES Function norm 1.643118414244e-01
  1 SNES Function norm 1.102507327383e-10
  0 SNES Function norm 1.620556778150e-01
  1 SNES Function norm 1.231871973187e-10
  0 SNES Function norm 1.597737016041e-01
  1 SNES Function norm 1.182648601317e-10
  0 SNES Function norm 1.578079428686e-01
  1 SNES Function norm 1.190653838923e-10
  0 SNES Function norm 1.560851831884e-01
  1 SNES Function norm 1.328943774136e-10
  0 SNES Function norm 1.530465794848e-01
  1 SNES Function norm 1.218264450866e-10
  0 SNES Function norm 1.501440460670e-01
  1 SNES Function norm 1.198048880744e-10
  0 SNES Function norm 1.487147866364e-01
  1 SNES Function norm 1.215921230421e-10
  0 SNES Function norm 1.476732626326e-01
  1 SNES Function norm 1.186421959143e-10
  0 SNES Function norm 1.467948938560e-01
  1 SNES Function norm 1.116644159055e-10
  0 SNES Function norm 1.460709720801e-01
  1 SNES Function norm 1.179294318472e-10
  0 SNES Function norm 1.454085832170e-01
  1 SNES Function norm 1.158966744810e-10
  0 SNES Function norm 1.447837383659e-01
  1 SNES Function norm 1.286458600035e-10
  0 SNES Function norm 1.441764546391e-01
  1 SNES Function norm 1.207398267862e-10
  0 SNES Function norm 1.436706005103e-01
  1 SNES Function norm 1.203269854639e-10
  0 SNES Function norm 1.432446627335e-01
  1 SNES Function norm 1.218298917719e-10
  0 SNES Function norm 1.429214753436e-01
  1 SNES Function norm 1.209539619218e-10
  0 SNES Function norm 1.417336995821e-01
  1 SNES Function norm 8.380366249694e+00
  2 SNES Function norm 1.090636097461e+02
  3 SNES Function norm 9.967946942437e+01
  4 SNES Function norm 8.183248003328e+01
  5 SNES Function norm 7.303347116610e+01
  6 SNES Function norm 6.834630948507e+01
  7 SNES Function norm 8.170232605065e+01
  8 SNES Function norm 7.187952639517e+01
  9 SNES Function norm 8.765297508648e+01
 10 SNES Function norm 7.466377574565e+01
 11 SNES Function norm 8.877112714921e+01
 12 SNES Function norm 7.419315776524e+01
 13 SNES Function norm 8.998379793190e+01
 14 SNES Function norm 7.609362177223e+01
 15 SNES Function norm 9.029147793883e+01
 16 SNES Function norm 7.521572670872e+01
 17 SNES Function norm 9.005193315840e+01
 18 SNES Function norm 7.670749059724e+01
 19 SNES Function norm 7.535835030940e+01
 20 SNES Function norm 7.230028433773e+01
 21 SNES Function norm 6.320331328829e+01
 22 SNES Function norm 5.693403305348e+01
 23 SNES Function norm 5.308299124121e+01
 24 SNES Function norm 4.857597174781e+01
 25 SNES Function norm 7.738553584087e+01
 26 SNES Function norm 7.331156255186e+01
 27 SNES Function norm 7.029117698995e+01
 28 SNES Function norm 6.690212465892e+01
 29 SNES Function norm 6.087013512387e+01
 30 SNES Function norm 5.761832854625e+01
 31 SNES Function norm 8.501248988056e+01
 32 SNES Function norm 7.843359402938e+01
 33 SNES Function norm 7.310841578545e+01
 34 SNES Function norm 7.291563914719e+01
 35 SNES Function norm 7.285822168769e+01
 36 SNES Function norm 7.284373871578e+01
 37 SNES Function norm 7.283922774829e+01
 38 SNES Function norm 7.283780782417e+01
 39 SNES Function norm 7.283735980690e+01
 40 SNES Function norm 7.283721806729e+01
 41 SNES Function norm 7.283717320536e+01
 42 SNES Function norm 7.283715900416e+01
 43 SNES Function norm 7.283715450853e+01
 44 SNES Function norm 7.283715308534e+01
 45 SNES Function norm 7.283715263479e+01
 46 SNES Function norm 7.283715249216e+01
 47 SNES Function norm 7.283715244701e+01
 48 SNES Function norm 7.283715243271e+01
 49 SNES Function norm 7.283715242819e+01
 50 SNES Function norm 7.283715242676e+01
 51 SNES Function norm 7.283715242630e+01
 52 SNES Function norm 7.283715242616e+01
 53 SNES Function norm 8.876446060701e+01
 54 SNES Function norm 7.424192334645e+01
 55 SNES Function norm 8.731101604250e+01
 56 SNES Function norm 7.321307840729e+01
 57 SNES Function norm 9.073294463509e+01
 58 SNES Function norm 7.569209866597e+01
 59 SNES Function norm 8.874015446817e+01
 60 SNES Function norm 7.561289658072e+01
 61 SNES Function norm 7.457477923767e+01
 62 SNES Function norm 7.361281099546e+01
 63 SNES Function norm 7.235497504960e+01
 64 SNES Function norm 6.940545266841e+01
 65 SNES Function norm 6.078768402147e+01
 66 SNES Function norm 5.611671563404e+01
 67 SNES Function norm 1.529218600619e+02
 68 SNES Function norm 1.037053001270e+02
 69 SNES Function norm 8.490525690361e+01
 70 SNES Function norm 7.416863056710e+01
 71 SNES Function norm 6.823155385914e+01
 72 SNES Function norm 6.395968358102e+01
 73 SNES Function norm 5.863151433623e+01
 74 SNES Function norm 5.652601245767e+01
 75 SNES Function norm 8.874196640873e+01
 76 SNES Function norm 8.199893557259e+01
 77 SNES Function norm 7.723886849629e+01
 78 SNES Function norm 7.336860252418e+01
 79 SNES Function norm 6.817474393294e+01
 80 SNES Function norm 6.361964462449e+01
 81 SNES Function norm 7.830419250261e+01
 82 SNES Function norm 7.110777681358e+01
 83 SNES Function norm 6.533442695300e+01
 84 SNES Function norm 5.935483880846e+01
 85 SNES Function norm 5.475414147996e+01
 86 SNES Function norm 5.076551576349e+01
 87 SNES Function norm 4.795808531214e+01
 88 SNES Function norm 4.766355596371e+01
 89 SNES Function norm 4.639176186076e+01
 90 SNES Function norm 4.585746229353e+01
 91 SNES Function norm 4.372534696549e+01
 92 SNES Function norm 4.090077501142e+01
 93 SNES Function norm 3.994030258717e+01
 94 SNES Function norm 3.908602872922e+01
 95 SNES Function norm 3.774568686995e+01
 96 SNES Function norm 5.669742517762e+01
 97 SNES Function norm 5.599339517235e+01
 98 SNES Function norm 5.405831280708e+01
 99 SNES Function norm 5.264992792793e+01
100 SNES Function norm 1.205317410835e+02
    Linear DIRK33-Equation_ solve converged due to CONVERGED_ITS iterations 1
    Linear DIRK33-Equation_ solve converged due to CONVERGED_ITS iterations 1
    Linear DIRK33-Equation_ solve converged due to CONVERGED_ITS iterations 1
  step   3  picard  37 (res 9.57e-05)  newton FAILED  |u|max 1.90  dt 2.00e-03  Co 0.182  psi [-0.0000, +1.0010]  dV 3.19e-02  strain max 1.641
  0 SNES Function norm 6.096636620599e-01
  1 SNES Function norm 1.228282400520e-10
  0 SNES Function norm 4.145855392944e-01
  1 SNES Function norm 1.192692971024e-10
  0 SNES Function norm 3.242498640994e-01
  1 SNES Function norm 1.247612720186e-10
  0 SNES Function norm 2.825595077849e-01
  1 SNES Function norm 1.203250779384e-10
  0 SNES Function norm 2.576688368648e-01
  1 SNES Function norm 1.309671536777e-10
  0 SNES Function norm 2.397919736772e-01
  1 SNES Function norm 1.214703445439e-10
  0 SNES Function norm 2.231945043774e-01
  1 SNES Function norm 1.248925211894e-10
  0 SNES Function norm 2.095190510246e-01
  1 SNES Function norm 1.171168297821e-10
  0 SNES Function norm 1.994701613030e-01
  1 SNES Function norm 1.214240218140e-10
  0 SNES Function norm 1.913536735305e-01
  1 SNES Function norm 1.173133393306e-10
  0 SNES Function norm 1.850045127740e-01
  1 SNES Function norm 1.300043186711e-10
  0 SNES Function norm 1.792776240146e-01
  1 SNES Function norm 1.229161601964e-10
  0 SNES Function norm 1.744542860276e-01
  1 SNES Function norm 1.206096077988e-10
  0 SNES Function norm 1.701978437226e-01
  1 SNES Function norm 1.216177409233e-10
  0 SNES Function norm 1.665832592035e-01
  1 SNES Function norm 1.176732805952e-10
  0 SNES Function norm 1.631569501983e-01
  1 SNES Function norm 1.232659546639e-10
  0 SNES Function norm 1.601464886877e-01
  1 SNES Function norm 1.260008523104e-10
  0 SNES Function norm 1.575263087908e-01
  1 SNES Function norm 1.292734949140e-10
  0 SNES Function norm 1.550319439606e-01
  1 SNES Function norm 1.209553845637e-10
  0 SNES Function norm 1.527468405005e-01
  1 SNES Function norm 1.244452967084e-10
  0 SNES Function norm 1.507685909368e-01
  1 SNES Function norm 1.240217131338e-10
  0 SNES Function norm 1.489915707910e-01
  1 SNES Function norm 1.282904895149e-10
  0 SNES Function norm 1.477273709319e-01
  1 SNES Function norm 1.244438056684e-10
  0 SNES Function norm 1.464246624576e-01
  1 SNES Function norm 1.196342268121e-10
  0 SNES Function norm 1.450591975241e-01
  1 SNES Function norm 1.287488209096e-10
  0 SNES Function norm 1.437077602420e-01
  1 SNES Function norm 1.331925248805e-10
  0 SNES Function norm 1.422399375214e-01
  1 SNES Function norm 1.241950744103e-10
  0 SNES Function norm 1.410174672508e-01
  1 SNES Function norm 1.289073823806e-10
  0 SNES Function norm 1.399691547232e-01
  1 SNES Function norm 1.251872103458e-10
  0 SNES Function norm 1.389361170156e-01
  1 SNES Function norm 1.249327624690e-10
  0 SNES Function norm 1.378918224038e-01
  1 SNES Function norm 1.274809461068e-10
  0 SNES Function norm 1.369150702971e-01
  1 SNES Function norm 1.208819867321e-10
  0 SNES Function norm 1.361071814680e-01
  1 SNES Function norm 1.252112393088e-10
  0 SNES Function norm 1.354441008681e-01
  1 SNES Function norm 1.373830202215e-10
  0 SNES Function norm 1.348876180997e-01
  1 SNES Function norm 1.269274000862e-10
  0 SNES Function norm 1.343430770809e-01
  1 SNES Function norm 1.229038160659e-10
  0 SNES Function norm 1.339105184601e-01
  1 SNES Function norm 1.235786192157e-10
  0 SNES Function norm 1.334854593053e-01
  1 SNES Function norm 1.369655881356e-10
  0 SNES Function norm 1.329744886181e-01
  1 SNES Function norm 1.752386863635e+01
  2 SNES Function norm 1.415440916998e+02
  3 SNES Function norm 1.162604010504e+02
  4 SNES Function norm 9.107629186780e+01
  5 SNES Function norm 8.260458850216e+01
  6 SNES Function norm 7.469262129687e+01
  7 SNES Function norm 7.074376581793e+01
  8 SNES Function norm 8.678170691658e+01
  9 SNES Function norm 7.660730192165e+01
 10 SNES Function norm 1.001476325664e+02
 11 SNES Function norm 8.454304685310e+01
 12 SNES Function norm 1.038194349488e+02
 13 SNES Function norm 8.526824988910e+01
 14 SNES Function norm 1.032706376561e+02
 15 SNES Function norm 8.530662381190e+01
 16 SNES Function norm 8.314895214304e+01
 17 SNES Function norm 7.432317416740e+01
 18 SNES Function norm 2.275030697230e+02
 19 SNES Function norm 1.233470268823e+02
 20 SNES Function norm 9.495579238831e+01
 21 SNES Function norm 8.966830349199e+01
 22 SNES Function norm 1.101304725853e+02
 23 SNES Function norm 8.835248270665e+01
 24 SNES Function norm 1.066763175256e+02
 25 SNES Function norm 8.482439407477e+01
 26 SNES Function norm 8.045398942551e+01
 27 SNES Function norm 7.343820623678e+01
 28 SNES Function norm 6.726440958199e+01
 29 SNES Function norm 6.208538698270e+01
 30 SNES Function norm 5.891729333085e+01
 31 SNES Function norm 5.376761617700e+01
 32 SNES Function norm 5.364581358733e+01
 33 SNES Function norm 5.344748256191e+01
 34 SNES Function norm 1.083101526514e+02
 35 SNES Function norm 1.080139258839e+02
 36 SNES Function norm 9.804711229465e+01
 37 SNES Function norm 8.751900020363e+01
 38 SNES Function norm 7.890556782813e+01
 39 SNES Function norm 7.091693120885e+01
 40 SNES Function norm 6.570638330610e+01
 41 SNES Function norm 6.560153429191e+01
 42 SNES Function norm 6.543637542831e+01
 43 SNES Function norm 6.505282574463e+01
 44 SNES Function norm 6.433644097807e+01
 45 SNES Function norm 6.284067831131e+01
 46 SNES Function norm 6.020776209959e+01
 47 SNES Function norm 5.809329466324e+01
 48 SNES Function norm 5.358759165335e+01
 49 SNES Function norm 5.224465681992e+01
 50 SNES Function norm 5.004944296757e+01
 51 SNES Function norm 4.840547378148e+01
 52 SNES Function norm 4.820363006229e+01
 53 SNES Function norm 4.666713786216e+01
 54 SNES Function norm 4.518164637205e+01
 55 SNES Function norm 4.122098028893e+01
 56 SNES Function norm 4.008739181865e+01
 57 SNES Function norm 3.845818819275e+01
 58 SNES Function norm 3.697721881532e+01
 59 SNES Function norm 3.622331302966e+01
 60 SNES Function norm 3.538732150119e+01
 61 SNES Function norm 3.395158511131e+01
 62 SNES Function norm 3.307550515795e+01
 63 SNES Function norm 2.756240343653e+01
 64 SNES Function norm 9.453622006064e+01
 65 SNES Function norm 9.830185142573e+01
 66 SNES Function norm 8.416656874689e+01
 67 SNES Function norm 7.305066283410e+01
 68 SNES Function norm 7.107507321810e+01
 69 SNES Function norm 6.742277032506e+01
 70 SNES Function norm 6.600031529039e+01
 71 SNES Function norm 6.221793032258e+01
 72 SNES Function norm 6.100063694330e+01
 73 SNES Function norm 5.902908059472e+01
 74 SNES Function norm 5.745916128226e+01
 75 SNES Function norm 5.512248367871e+01
 76 SNES Function norm 5.398691952598e+01
 77 SNES Function norm 5.116848553703e+01
 78 SNES Function norm 1.485174532141e+02
 79 SNES Function norm 1.455894855384e+02
 80 SNES Function norm 1.153174725374e+02
 81 SNES Function norm 9.712662806513e+01
 82 SNES Function norm 8.248933517986e+01
 83 SNES Function norm 8.083006212144e+01
 84 SNES Function norm 9.562454724211e+01
 85 SNES Function norm 8.061192722229e+01
 86 SNES Function norm 9.330929297271e+01
 87 SNES Function norm 7.801390184310e+01
 88 SNES Function norm 7.489649038093e+01
 89 SNES Function norm 6.784457715395e+01
 90 SNES Function norm 6.059988159491e+01
 91 SNES Function norm 5.866012961785e+01
 92 SNES Function norm 5.301746285535e+01
 93 SNES Function norm 9.584525820162e+01
 94 SNES Function norm 8.914929348575e+01
 95 SNES Function norm 7.987947225694e+01
 96 SNES Function norm 7.296387281630e+01
 97 SNES Function norm 6.769263405405e+01
 98 SNES Function norm 6.500861851781e+01
 99 SNES Function norm 6.148125456044e+01
100 SNES Function norm 5.965392830026e+01
    Linear DIRK33-Equation_ solve converged due to CONVERGED_ITS iterations 1
    Linear DIRK33-Equation_ solve converged due to CONVERGED_ITS iterations 1
    Linear DIRK33-Equation_ solve converged due to CONVERGED_ITS iterations 1
  step   4  picard  38 (res 9.89e-05)  newton FAILED  |u|max 1.93  dt 2.00e-03  Co 0.185  psi [-0.0001, +1.0011]  dV 3.98e-02  strain max 1.663
  0 SNES Function norm 6.257675778722e-01
  1 SNES Function norm 1.241968558720e-10
  0 SNES Function norm 4.346045975685e-01
  1 SNES Function norm 1.262726523723e-10
  0 SNES Function norm 3.444101994421e-01
  1 SNES Function norm 1.356904111811e-10
  0 SNES Function norm 2.925758272472e-01
  1 SNES Function norm 1.309066545314e-10
  0 SNES Function norm 2.618832713886e-01
  1 SNES Function norm 1.345785569831e-10
  0 SNES Function norm 2.433988119020e-01
  1 SNES Function norm 1.258684418082e-10
  0 SNES Function norm 2.319555283018e-01
  1 SNES Function norm 1.335696963234e-10
  0 SNES Function norm 2.229366018367e-01
  1 SNES Function norm 1.261904095986e-10
  0 SNES Function norm 2.116484593646e-01
  1 SNES Function norm 1.356112145842e-10
  0 SNES Function norm 2.024381382226e-01
  1 SNES Function norm 1.301564314118e-10
  0 SNES Function norm 1.954140600397e-01
  1 SNES Function norm 1.242093484760e-10
  0 SNES Function norm 1.887280132110e-01
  1 SNES Function norm 1.333493123034e-10
  0 SNES Function norm 1.834003707167e-01
  1 SNES Function norm 1.345207158508e-10
  0 SNES Function norm 1.791488595419e-01
  1 SNES Function norm 1.331434553243e-10
  0 SNES Function norm 1.750611555209e-01
  1 SNES Function norm 1.269262673599e-10
  0 SNES Function norm 1.715160565790e-01
  1 SNES Function norm 1.318988363061e-10
  0 SNES Function norm 1.690103503489e-01
  1 SNES Function norm 1.372949206646e-10
  0 SNES Function norm 1.665427495534e-01
  1 SNES Function norm 1.317864943150e-10
  0 SNES Function norm 1.630223784850e-01
  1 SNES Function norm 1.287108752679e-10
  0 SNES Function norm 1.608960255504e-01
  1 SNES Function norm 1.339727943058e-10
  0 SNES Function norm 1.587266887106e-01
  1 SNES Function norm 1.377089066363e-10
  0 SNES Function norm 1.562673814011e-01
  1 SNES Function norm 1.332340014154e-10
  0 SNES Function norm 1.540192319871e-01
  1 SNES Function norm 1.346702817458e-10
  0 SNES Function norm 1.516018835067e-01
  1 SNES Function norm 1.356922593067e-10
  0 SNES Function norm 1.497059158151e-01
  1 SNES Function norm 1.413322607237e-10
  0 SNES Function norm 1.471694083899e-01
  1 SNES Function norm 1.391351864310e-10
  0 SNES Function norm 1.456429897702e-01
  1 SNES Function norm 1.348068450970e-10
  0 SNES Function norm 1.446033424733e-01
  1 SNES Function norm 1.464119346096e-10
  0 SNES Function norm 1.436014935007e-01
  1 SNES Function norm 1.405849739459e-10
  0 SNES Function norm 1.423540076150e-01
  1 SNES Function norm 1.413969129821e-10
  0 SNES Function norm 1.410723092111e-01
  1 SNES Function norm 1.420666726650e-10
  0 SNES Function norm 1.402334884691e-01
  1 SNES Function norm 1.359087697354e-10
  0 SNES Function norm 1.396767254838e-01
  1 SNES Function norm 1.436295964201e-10
  0 SNES Function norm 1.392299431733e-01
  1 SNES Function norm 1.348398294266e-10
  0 SNES Function norm 1.388605904566e-01
  1 SNES Function norm 1.414632707010e-10
  0 SNES Function norm 1.385542878660e-01
  1 SNES Function norm 1.476964309896e-10
  0 SNES Function norm 1.378768855066e-01
  1 SNES Function norm 8.818431668193e+00
  2 SNES Function norm 4.571760083327e+01
  3 SNES Function norm 4.760880628960e+01
  4 SNES Function norm 4.599637972322e+01
  5 SNES Function norm 4.597813340356e+01
  6 SNES Function norm 4.595826229966e+01
  7 SNES Function norm 4.594835338788e+01
  8 SNES Function norm 4.593955272963e+01
  9 SNES Function norm 4.592838997494e+01
 10 SNES Function norm 4.591993865415e+01
 11 SNES Function norm 4.588447996497e+01
 12 SNES Function norm 4.583478154315e+01
 13 SNES Function norm 4.579690310953e+01
 14 SNES Function norm 4.578411366411e+01
 15 SNES Function norm 4.577718867359e+01
 16 SNES Function norm 4.577590191256e+01
 17 SNES Function norm 4.577551245289e+01
 18 SNES Function norm 4.577527159702e+01
 19 SNES Function norm 4.577520211398e+01
 20 SNES Function norm 4.577518210523e+01
 21 SNES Function norm 4.577517634624e+01
 22 SNES Function norm 4.577517468889e+01
 23 SNES Function norm 4.577517421195e+01
 24 SNES Function norm 4.577517407470e+01
 25 SNES Function norm 4.577517403522e+01
 26 SNES Function norm 4.577517402385e+01
 27 SNES Function norm 4.577517402058e+01
 28 SNES Function norm 4.577517401963e+01
 29 SNES Function norm 4.577517401937e+01
 30 SNES Function norm 4.577517401929e+01
 31 SNES Function norm 7.979405215447e+01
 32 SNES Function norm 7.551794876541e+01
 33 SNES Function norm 6.903727436372e+01
 34 SNES Function norm 6.828012731998e+01
 35 SNES Function norm 6.432678930166e+01
 36 SNES Function norm 5.865908943737e+01
 37 SNES Function norm 5.599096221763e+01
 38 SNES Function norm 5.330617357938e+01
 39 SNES Function norm 5.282215962037e+01
 40 SNES Function norm 5.239809190862e+01
 41 SNES Function norm 5.205165283949e+01
 42 SNES Function norm 4.953142784655e+01
 43 SNES Function norm 4.914230014410e+01
 44 SNES Function norm 4.597694079813e+01
 45 SNES Function norm 4.540978775251e+01
 46 SNES Function norm 4.187126104549e+01
 47 SNES Function norm 4.027764104796e+01
 48 SNES Function norm 3.972596761677e+01
 49 SNES Function norm 3.794898894542e+01
 50 SNES Function norm 3.655909483190e+01
 51 SNES Function norm 3.615932127458e+01
 52 SNES Function norm 3.237136214715e+01
 53 SNES Function norm 5.863341363107e+01
 54 SNES Function norm 5.776743499549e+01
 55 SNES Function norm 5.604422297007e+01
 56 SNES Function norm 5.505430839440e+01
 57 SNES Function norm 5.546349836776e+01
 58 SNES Function norm 5.448458361720e+01
 59 SNES Function norm 5.381910342013e+01
 60 SNES Function norm 2.486726271627e+02
 61 SNES Function norm 1.300398473454e+02
 62 SNES Function norm 9.757725432047e+01
 63 SNES Function norm 8.434431169094e+01
 64 SNES Function norm 7.939623782868e+01
 65 SNES Function norm 7.543821837576e+01
 66 SNES Function norm 6.825415959373e+01
 67 SNES Function norm 6.386032303007e+01
 68 SNES Function norm 5.984235364933e+01
 69 SNES Function norm 5.646858598444e+01
 70 SNES Function norm 5.163869240939e+01
 71 SNES Function norm 5.087479455945e+01
 72 SNES Function norm 4.886142055040e+01
 73 SNES Function norm 4.862272835059e+01
 74 SNES Function norm 4.692108782163e+01
 75 SNES Function norm 4.673601689425e+01
 76 SNES Function norm 4.403308974581e+01
 77 SNES Function norm 4.179683148791e+01
 78 SNES Function norm 4.150731669763e+01
 79 SNES Function norm 3.929444498300e+01
 80 SNES Function norm 4.236063212232e+02
 81 SNES Function norm 1.710273536669e+02
 82 SNES Function norm 1.129219798356e+02
 83 SNES Function norm 8.666359536010e+01
 84 SNES Function norm 7.911219915720e+01
 85 SNES Function norm 7.335130629401e+01
 86 SNES Function norm 6.634497103071e+01
 87 SNES Function norm 6.306998927348e+01
 88 SNES Function norm 5.949961273707e+01
 89 SNES Function norm 5.625794915081e+01
 90 SNES Function norm 5.558728475183e+01
 91 SNES Function norm 5.266943130969e+01
 92 SNES Function norm 5.217515071581e+01
 93 SNES Function norm 5.107617010142e+01
 94 SNES Function norm 5.012851899351e+01
 95 SNES Function norm 5.339813723537e+02
 96 SNES Function norm 1.267040780424e+02
 97 SNES Function norm 1.059233324829e+02
 98 SNES Function norm 8.955497429316e+01
 99 SNES Function norm 8.148639617437e+01
100 SNES Function norm 1.033636353953e+02
    Linear DIRK33-Equation_ solve converged due to CONVERGED_ITS iterations 1
    Linear DIRK33-Equation_ solve converged due to CONVERGED_ITS iterations 1
    Linear DIRK33-Equation_ solve converged due to CONVERGED_ITS iterations 1
  step   5  picard  36 (res 9.68e-05)  newton FAILED  |u|max 1.95  dt 2.00e-03  Co 0.188  psi [-0.0001, +1.0012]  dV 4.77e-02  strain max 1.689
  0 SNES Function norm 7.904744100964e-01
  1 SNES Function norm 1.385356828387e-10
  0 SNES Function norm 5.738633155552e-01
  1 SNES Function norm 1.417648055596e-10
  0 SNES Function norm 4.350319783473e-01
  1 SNES Function norm 1.414796788021e-10
  0 SNES Function norm 3.568147916412e-01
  1 SNES Function norm 1.344122556937e-10
  0 SNES Function norm 3.284070605739e-01
  1 SNES Function norm 1.324733044050e-10
  0 SNES Function norm 3.287918834270e-01
  1 SNES Function norm 1.451680091746e-10
  0 SNES Function norm 3.095716292751e-01
  1 SNES Function norm 1.375712616034e-10
  0 SNES Function norm 3.017689825560e-01
  1 SNES Function norm 1.473155831981e-10
  0 SNES Function norm 2.760778518487e-01
  1 SNES Function norm 1.459959943334e-10
  0 SNES Function norm 2.310705310074e-01
  1 SNES Function norm 1.480513648405e-10
  0 SNES Function norm 1.959375806701e-01
  1 SNES Function norm 1.488631145080e-10
  0 SNES Function norm 1.859484729902e-01
  1 SNES Function norm 1.525061425012e-10
  0 SNES Function norm 1.803845145935e-01
  1 SNES Function norm 1.424911586440e-10
  0 SNES Function norm 1.764394344724e-01
  1 SNES Function norm 1.504079327250e-10
  0 SNES Function norm 1.733687350034e-01
  1 SNES Function norm 1.473997097064e-10
  0 SNES Function norm 1.707383887885e-01
  1 SNES Function norm 1.484082396633e-10
  0 SNES Function norm 1.674973316654e-01
  1 SNES Function norm 1.376544115159e-10
  0 SNES Function norm 1.652630300606e-01
  1 SNES Function norm 1.517442985621e-10
  0 SNES Function norm 1.634569410524e-01
  1 SNES Function norm 1.444052244458e-10
  0 SNES Function norm 1.618784968477e-01
  1 SNES Function norm 1.421029128668e-10
  0 SNES Function norm 1.604429349166e-01
  1 SNES Function norm 1.422490587907e-10
  0 SNES Function norm 1.592090716911e-01
  1 SNES Function norm 1.437108273045e-10
  0 SNES Function norm 1.580962491680e-01
  1 SNES Function norm 1.444353515940e-10
  0 SNES Function norm 1.571098737478e-01
  1 SNES Function norm 1.412378255392e-10
  0 SNES Function norm 1.561870579151e-01
  1 SNES Function norm 1.434552366015e-10
  0 SNES Function norm 1.545999609034e-01
  1 SNES Function norm 1.481114247713e-10
  0 SNES Function norm 1.537992041160e-01
  1 SNES Function norm 1.482921074314e-10
  0 SNES Function norm 1.531307720261e-01
  1 SNES Function norm 1.436232152831e-10
  0 SNES Function norm 1.524833248363e-01
  1 SNES Function norm 1.459634823490e-10
  0 SNES Function norm 1.518494108225e-01
  1 SNES Function norm 1.507929195001e-10
  0 SNES Function norm 1.512779255430e-01
  1 SNES Function norm 1.404840414662e-10
  0 SNES Function norm 1.507294575861e-01
  1 SNES Function norm 1.451699973693e-10
  0 SNES Function norm 1.502615757464e-01
  1 SNES Function norm 1.193753367558e+01
  2 SNES Function norm 3.012120307039e+01
  3 SNES Function norm 7.714784329162e+01
  4 SNES Function norm 7.675786511488e+01
  5 SNES Function norm 6.766962304647e+01
  6 SNES Function norm 6.669664840056e+01
  7 SNES Function norm 6.329879415149e+01
  8 SNES Function norm 6.220984615514e+01
  9 SNES Function norm 5.947619463293e+01
 10 SNES Function norm 5.810357291930e+01
 11 SNES Function norm 5.516292958628e+01
 12 SNES Function norm 5.361330873162e+01
 13 SNES Function norm 5.315810450623e+01
 14 SNES Function norm 5.178767580418e+01
 15 SNES Function norm 5.036000823908e+01
 16 SNES Function norm 5.008241113547e+01
 17 SNES Function norm 4.974920344255e+01
 18 SNES Function norm 4.930606731551e+01
 19 SNES Function norm 4.767746249571e+01
 20 SNES Function norm 4.488190126408e+01
 21 SNES Function norm 4.462247516605e+01
 22 SNES Function norm 4.270610274743e+01
 23 SNES Function norm 4.005260226668e+01
 24 SNES Function norm 3.996957587241e+01
 25 SNES Function norm 3.908074547917e+01
 26 SNES Function norm 9.527258171855e+02
 27 SNES Function norm 2.164257835852e+02
 28 SNES Function norm 1.269211193080e+02
 29 SNES Function norm 8.955443173373e+01
 30 SNES Function norm 8.077062166705e+01
 31 SNES Function norm 7.452814984803e+01
 32 SNES Function norm 7.010057851878e+01
 33 SNES Function norm 6.625492948295e+01
 34 SNES Function norm 6.461649060793e+01
 35 SNES Function norm 6.280737056214e+01
 36 SNES Function norm 5.920899590452e+01
 37 SNES Function norm 3.184235173891e+03
    Linear DIRK33-Equation_ solve converged due to CONVERGED_ITS iterations 1
    Linear DIRK33-Equation_ solve converged due to CONVERGED_ITS iterations 1
    Linear DIRK33-Equation_ solve converged due to CONVERGED_ITS iterations 1
  step   6  picard  32 (res 9.62e-05)  newton FAILED  |u|max 1.98  dt 2.00e-03  Co 0.190  psi [-0.0002, +1.0021]  dV 5.56e-02  strain max 1.721
  0 SNES Function norm 6.988852452615e-01
  1 SNES Function norm 1.403845036555e-10
  0 SNES Function norm 5.010425725579e-01
  1 SNES Function norm 1.532697692184e-10
  0 SNES Function norm 3.878694891265e-01
  1 SNES Function norm 1.493216607977e-10
  0 SNES Function norm 3.095794445349e-01
  1 SNES Function norm 1.471260376499e-10
  0 SNES Function norm 2.696289669388e-01
  1 SNES Function norm 1.484518860473e-10
  0 SNES Function norm 2.474521470946e-01
  1 SNES Function norm 1.493463511819e-10
  0 SNES Function norm 2.331602192022e-01
  1 SNES Function norm 1.574721751492e-10
  0 SNES Function norm 2.230947276472e-01
  1 SNES Function norm 1.537497860383e-10
  0 SNES Function norm 2.154591119934e-01
  1 SNES Function norm 1.487515120731e-10
  0 SNES Function norm 2.090135158173e-01
  1 SNES Function norm 1.639901583354e-10
  0 SNES Function norm 2.037132340821e-01
  1 SNES Function norm 1.575162745732e-10
  0 SNES Function norm 1.987873470772e-01
  1 SNES Function norm 1.639112247790e-10
  0 SNES Function norm 1.947482345691e-01
  1 SNES Function norm 1.477754138085e-10
  0 SNES Function norm 1.877831166436e-01
  1 SNES Function norm 1.613839079611e-10
  0 SNES Function norm 1.811159989916e-01
  1 SNES Function norm 1.561820080403e-10
  0 SNES Function norm 1.774286554617e-01
  1 SNES Function norm 1.538661842092e-10
  0 SNES Function norm 1.748657112424e-01
  1 SNES Function norm 1.497107584845e-10
  0 SNES Function norm 1.728444543721e-01
  1 SNES Function norm 1.585234632785e-10
  0 SNES Function norm 1.711999242389e-01
  1 SNES Function norm 1.611232723988e-10
  0 SNES Function norm 1.697318741939e-01
  1 SNES Function norm 1.550273903557e-10
  0 SNES Function norm 1.686636376865e-01
  1 SNES Function norm 1.562001990157e-10
  0 SNES Function norm 1.677438425158e-01
  1 SNES Function norm 1.575653694540e-10
  0 SNES Function norm 1.669658624454e-01
  1 SNES Function norm 1.526738554815e-10
  0 SNES Function norm 1.662422395463e-01
  1 SNES Function norm 1.671391460887e-10
  0 SNES Function norm 1.656927483318e-01
  1 SNES Function norm 1.567835364216e-10
  0 SNES Function norm 1.651421125052e-01
  1 SNES Function norm 1.575720628503e-10
  0 SNES Function norm 1.631620482022e-01
  1 SNES Function norm 1.608527096202e-10
  0 SNES Function norm 1.624835316297e-01
  1 SNES Function norm 1.552241295946e-10
  0 SNES Function norm 1.619888547065e-01
  1 SNES Function norm 1.576363202495e-10
  0 SNES Function norm 1.615975502210e-01
  1 SNES Function norm 1.578251691421e-10
  0 SNES Function norm 1.613736653694e-01
  1 SNES Function norm 1.598531825090e-10
  0 SNES Function norm 1.611583091719e-01
  1 SNES Function norm 1.690851247766e-10
  0 SNES Function norm 1.609757319010e-01
  1 SNES Function norm 1.559349325409e-10
  0 SNES Function norm 1.607260979877e-01
  1 SNES Function norm 2.177164824933e+01
  2 SNES Function norm 2.212295633013e+02
  3 SNES Function norm 1.329650459361e+02
  4 SNES Function norm 9.663862293673e+01
  5 SNES Function norm 7.716505788520e+01
  6 SNES Function norm 7.023683824057e+01
  7 SNES Function norm 9.152471499846e+01
  8 SNES Function norm 7.667695193378e+01
  9 SNES Function norm 9.298251890925e+01
 10 SNES Function norm 8.101493772152e+01
 11 SNES Function norm 9.493072107841e+01
 12 SNES Function norm 7.985232098575e+01
 13 SNES Function norm 9.748956243744e+01
 14 SNES Function norm 8.301725343529e+01
 15 SNES Function norm 9.558994033197e+01
 16 SNES Function norm 7.914791178354e+01
 17 SNES Function norm 9.715367182882e+01
 18 SNES Function norm 8.028141231823e+01
 19 SNES Function norm 6.841809534849e+01
 20 SNES Function norm 6.122392398281e+01
 21 SNES Function norm 7.504755084649e+01
 22 SNES Function norm 6.961745870725e+01
 23 SNES Function norm 6.591482384587e+01
 24 SNES Function norm 6.084640429554e+01
 25 SNES Function norm 5.633546840862e+01
 26 SNES Function norm 7.597353896520e+01
 27 SNES Function norm 7.344958885442e+01
 28 SNES Function norm 4.693664417368e+02
 29 SNES Function norm 1.385652172187e+02
 30 SNES Function norm 9.370112152861e+01
 31 SNES Function norm 8.269610177334e+01
 32 SNES Function norm 9.593731308715e+01
 33 SNES Function norm 8.094519356932e+01
 34 SNES Function norm 8.053918092697e+01
 35 SNES Function norm 7.985974621204e+01
 36 SNES Function norm 7.840593372106e+01
 37 SNES Function norm 7.201644671652e+01
 38 SNES Function norm 6.530220467548e+01
 39 SNES Function norm 6.136930791631e+01
 40 SNES Function norm 5.664495951660e+01
 41 SNES Function norm 5.309003548992e+01
 42 SNES Function norm 5.128884888426e+01
 43 SNES Function norm 4.909852447561e+01
 44 SNES Function norm 3.216346573037e+02
 45 SNES Function norm 1.870016946067e+02
 46 SNES Function norm 1.157971195171e+02
 47 SNES Function norm 9.012036757570e+01
 48 SNES Function norm 7.800814384973e+01
 49 SNES Function norm 7.568126672618e+01
 50 SNES Function norm 7.191281788578e+01
 51 SNES Function norm 6.708374556030e+01
 52 SNES Function norm 5.887605549336e+01
 53 SNES Function norm 5.446920898175e+01
 54 SNES Function norm 5.047101520238e+01
 55 SNES Function norm 4.850985726592e+01
 56 SNES Function norm 4.627782371502e+01
 57 SNES Function norm 4.450357355290e+01
 58 SNES Function norm 4.286190216334e+01
 59 SNES Function norm 6.240744658825e+01
 60 SNES Function norm 6.078834207595e+01
 61 SNES Function norm 5.614264397832e+01
 62 SNES Function norm 5.496488643431e+01
 63 SNES Function norm 5.443962377527e+01
 64 SNES Function norm 5.393162932237e+01
 65 SNES Function norm 5.275830925916e+01
 66 SNES Function norm 5.135295316895e+01
 67 SNES Function norm 4.767969593398e+01
 68 SNES Function norm 4.760030202108e+01
 69 SNES Function norm 2.196913370795e+02
 70 SNES Function norm 1.808008510867e+02
 71 SNES Function norm 1.421450878121e+02
 72 SNES Function norm 1.119101049924e+02
 73 SNES Function norm 8.590242959388e+01
 74 SNES Function norm 7.816159142162e+01
 75 SNES Function norm 9.323249924958e+01
 76 SNES Function norm 8.024801623039e+01
 77 SNES Function norm 7.901846404766e+01
 78 SNES Function norm 6.892827845611e+01
 79 SNES Function norm 6.226265705413e+01
 80 SNES Function norm 7.488899955991e+01
 81 SNES Function norm 7.007292923743e+01
 82 SNES Function norm 6.532454785235e+01
 83 SNES Function norm 6.151159507319e+01
 84 SNES Function norm 5.842282342417e+01
 85 SNES Function norm 5.645734581523e+01
 86 SNES Function norm 5.519086235578e+01
 87 SNES Function norm 5.477396597937e+01
 88 SNES Function norm 5.419455560286e+01
 89 SNES Function norm 5.104950459589e+01
 90 SNES Function norm 5.046175759039e+01
 91 SNES Function norm 4.996989490865e+01
 92 SNES Function norm 4.878678176669e+01
 93 SNES Function norm 4.461089949187e+01
 94 SNES Function norm 4.340956277824e+01
 95 SNES Function norm 4.327364143246e+01
 96 SNES Function norm 4.282927077429e+01
 97 SNES Function norm 4.032536552089e+01
 98 SNES Function norm 3.994348697841e+01
 99 SNES Function norm 4.526413043215e+01
100 SNES Function norm 1.175802950973e+02
    Linear DIRK33-Equation_ solve converged due to CONVERGED_ITS iterations 1
    Linear DIRK33-Equation_ solve converged due to CONVERGED_ITS iterations 1
    Linear DIRK33-Equation_ solve converged due to CONVERGED_ITS iterations 1
  step   7  picard  33 (res 9.76e-05)  newton FAILED  |u|max 2.01  dt 2.00e-03  Co 0.193  psi [-0.0004, +1.0038]  dV 6.35e-02  strain max 1.755
  0 SNES Function norm 7.178376827154e-01
  1 SNES Function norm 1.674526651755e-10
  0 SNES Function norm 5.059851001062e-01
  1 SNES Function norm 1.595499246417e-10
  0 SNES Function norm 4.232890368448e-01
  1 SNES Function norm 1.684994372941e-10
  0 SNES Function norm 3.813250344561e-01
  1 SNES Function norm 1.709652247038e-10
  0 SNES Function norm 3.452863058646e-01
  1 SNES Function norm 1.596485865506e-10
  0 SNES Function norm 2.769043963544e-01
  1 SNES Function norm 1.795076118751e-10
  0 SNES Function norm 2.429580449844e-01
  1 SNES Function norm 1.562129226542e-10
  0 SNES Function norm 2.259786779013e-01
  1 SNES Function norm 1.549876379163e-10
  0 SNES Function norm 2.149891333942e-01
  1 SNES Function norm 1.676992147794e-10
  0 SNES Function norm 2.068467781093e-01
  1 SNES Function norm 1.644328030850e-10
  0 SNES Function norm 2.007396721562e-01
  1 SNES Function norm 1.583746540079e-10
  0 SNES Function norm 1.959663352950e-01
  1 SNES Function norm 1.850179272454e-10
  0 SNES Function norm 1.922052369805e-01
  1 SNES Function norm 1.535570538895e-10
  0 SNES Function norm 1.890158953991e-01
  1 SNES Function norm 1.607942384634e-10
  0 SNES Function norm 1.863232298292e-01
  1 SNES Function norm 1.604237669155e-10
  0 SNES Function norm 1.840521455380e-01
  1 SNES Function norm 1.631734354412e-10
  0 SNES Function norm 1.821125210055e-01
  1 SNES Function norm 1.531016261476e-10
  0 SNES Function norm 1.804413095167e-01
  1 SNES Function norm 1.697205787288e-10
  0 SNES Function norm 1.788995240555e-01
  1 SNES Function norm 1.660884598927e-10
  0 SNES Function norm 1.776002848707e-01
  1 SNES Function norm 1.695726140415e-10
  0 SNES Function norm 1.764370841783e-01
  1 SNES Function norm 1.746707475591e-10
  0 SNES Function norm 1.753607884278e-01
  1 SNES Function norm 1.627656729650e-10
  0 SNES Function norm 1.744163983208e-01
  1 SNES Function norm 1.659738736801e-10
  0 SNES Function norm 1.735824041197e-01
  1 SNES Function norm 1.785388823470e-10
  0 SNES Function norm 1.727633862678e-01
  1 SNES Function norm 1.665648497600e-10
  0 SNES Function norm 1.721057250190e-01
  1 SNES Function norm 1.639021959447e-10
  0 SNES Function norm 1.715350501467e-01
  1 SNES Function norm 1.646945547116e-10
  0 SNES Function norm 1.710728564273e-01
  1 SNES Function norm 1.669155455812e-10
  0 SNES Function norm 1.707297515353e-01
  1 SNES Function norm 1.677687272231e-10
  0 SNES Function norm 1.703428767745e-01
  1 SNES Function norm 1.643306451760e-10
  0 SNES Function norm 1.698880426846e-01
  1 SNES Function norm 1.782264867419e-10
  0 SNES Function norm 1.695087534079e-01
  1 SNES Function norm 1.730777606477e-10
  0 SNES Function norm 1.692023981033e-01
  1 SNES Function norm 1.697852438205e-10
  0 SNES Function norm 1.689610871279e-01
  1 SNES Function norm 9.774294639275e+00
  2 SNES Function norm 5.363074772892e+01
  3 SNES Function norm 5.541730312637e+01
  4 SNES Function norm 5.400810784543e+01
  5 SNES Function norm 5.523821362059e+01
  6 SNES Function norm 5.325816530278e+01
  7 SNES Function norm 5.299067034911e+01
  8 SNES Function norm 1.249191088660e+02
  9 SNES Function norm 1.120384349237e+02
 10 SNES Function norm 9.112719245566e+01
 11 SNES Function norm 7.648912416165e+01
 12 SNES Function norm 7.145696977109e+01
 13 SNES Function norm 8.706942970704e+01
 14 SNES Function norm 7.554027636222e+01
 15 SNES Function norm 8.944081921157e+01
 16 SNES Function norm 7.586156865559e+01
 17 SNES Function norm 8.896237112186e+01
 18 SNES Function norm 7.462577450233e+01
 19 SNES Function norm 7.454492774119e+01
 20 SNES Function norm 7.453134297047e+01
 21 SNES Function norm 9.002548471334e+01
 22 SNES Function norm 7.550169783365e+01
 23 SNES Function norm 8.994773543713e+01
 24 SNES Function norm 7.578857765895e+01
 25 SNES Function norm 7.260856184674e+01
 26 SNES Function norm 6.242681257581e+01
 27 SNES Function norm 5.668386087804e+01
 28 SNES Function norm 5.658340931127e+01
 29 SNES Function norm 5.647829416306e+01
 30 SNES Function norm 5.646382937143e+01
 31 SNES Function norm 6.983626231627e+01
 32 SNES Function norm 9.568756345582e+01
 33 SNES Function norm 8.163239574320e+01
 34 SNES Function norm 9.783914495895e+01
 35 SNES Function norm 8.065859218626e+01
 36 SNES Function norm 8.009385421331e+01
 37 SNES Function norm 7.856798358267e+01
 38 SNES Function norm 6.860024884097e+01
 39 SNES Function norm 6.209702435499e+01
 40 SNES Function norm 5.823052282053e+01
 41 SNES Function norm 5.748122547877e+01
 42 SNES Function norm 5.486886118772e+01
 43 SNES Function norm 1.386737857632e+02
 44 SNES Function norm 1.182474799761e+02
 45 SNES Function norm 1.006215704955e+02
 46 SNES Function norm 8.603461288791e+01
 47 SNES Function norm 7.754701577131e+01
 48 SNES Function norm 7.192947956720e+01
 49 SNES Function norm 6.610494867494e+01
 50 SNES Function norm 6.198844385285e+01
 51 SNES Function norm 6.011729442618e+01
 52 SNES Function norm 5.362898074065e+01
 53 SNES Function norm 5.305143666639e+01
 54 SNES Function norm 5.017498220691e+01
 55 SNES Function norm 1.417979787265e+02
 56 SNES Function norm 1.199524070303e+02
 57 SNES Function norm 9.739840812724e+01
 58 SNES Function norm 8.298911266381e+01
 59 SNES Function norm 7.574233110145e+01
 60 SNES Function norm 7.149490590640e+01
 61 SNES Function norm 6.702655137270e+01
 62 SNES Function norm 6.432983842683e+01
 63 SNES Function norm 5.916005617502e+01
 64 SNES Function norm 5.438429048402e+01
 65 SNES Function norm 5.065633853646e+01
 66 SNES Function norm 1.611416218095e+02
 67 SNES Function norm 1.409936711742e+02
 68 SNES Function norm 1.022911912101e+02
 69 SNES Function norm 8.363310572862e+01
 70 SNES Function norm 7.839384357015e+01
 71 SNES Function norm 7.696329097117e+01
 72 SNES Function norm 7.545122633726e+01
 73 SNES Function norm 7.244539219946e+01
 74 SNES Function norm 6.690736122757e+01
 75 SNES Function norm 6.126964286251e+01
 76 SNES Function norm 5.887483847244e+01
 77 SNES Function norm 5.530376604714e+01
 78 SNES Function norm 5.458304844294e+01
 79 SNES Function norm 5.176478714188e+01
 80 SNES Function norm 1.061615303639e+02
 81 SNES Function norm 9.757346021288e+01
 82 SNES Function norm 8.615200590500e+01
 83 SNES Function norm 7.882893804858e+01
 84 SNES Function norm 7.281016983123e+01
 85 SNES Function norm 6.789631796182e+01
 86 SNES Function norm 6.355668960819e+01
 87 SNES Function norm 6.045261215628e+01
 88 SNES Function norm 5.752437583665e+01
 89 SNES Function norm 5.462414720471e+01
 90 SNES Function norm 5.302075019419e+01
 91 SNES Function norm 1.264383982189e+02
 92 SNES Function norm 1.074730962984e+02
 93 SNES Function norm 9.300338147839e+01
 94 SNES Function norm 8.313965943402e+01
 95 SNES Function norm 7.694792658551e+01
 96 SNES Function norm 7.230354555317e+01
 97 SNES Function norm 6.485871513703e+01
 98 SNES Function norm 8.054281863774e+01
 99 SNES Function norm 7.364186133341e+01
100 SNES Function norm 6.816761902265e+01
    Linear DIRK33-Equation_ solve converged due to CONVERGED_ITS iterations 1
    Linear DIRK33-Equation_ solve converged due to CONVERGED_ITS iterations 1
    Linear DIRK33-Equation_ solve converged due to CONVERGED_ITS iterations 1
  step   8  picard  33 (res 9.15e-05)  newton FAILED  |u|max 2.04  dt 2.00e-03  Co 0.196  psi [-0.0006, +1.0044]  dV 7.14e-02  strain max 1.794
  0 SNES Function norm 9.416653682634e-01
  1 SNES Function norm 1.649465951468e-10
  0 SNES Function norm 6.185143588127e-01
  1 SNES Function norm 1.686808292331e-10
  0 SNES Function norm 4.856593490892e-01
  1 SNES Function norm 1.723039399043e-10
  0 SNES Function norm 3.991474053051e-01
  1 SNES Function norm 1.834121597838e-10
  0 SNES Function norm 3.490802670644e-01
  1 SNES Function norm 1.795104683935e-10
  0 SNES Function norm 3.192135780078e-01
  1 SNES Function norm 1.699759971076e-10
  0 SNES Function norm 2.985479783990e-01
  1 SNES Function norm 1.756352705383e-10
  0 SNES Function norm 2.807253906183e-01
  1 SNES Function norm 1.685136788148e-10
  0 SNES Function norm 2.709317489125e-01
  1 SNES Function norm 1.725488921305e-10
  0 SNES Function norm 2.623031986267e-01
  1 SNES Function norm 1.714621966031e-10
  0 SNES Function norm 2.563740996440e-01
  1 SNES Function norm 1.726894234055e-10
  0 SNES Function norm 2.515323882344e-01
  1 SNES Function norm 1.710290949748e-10
  0 SNES Function norm 2.473784416983e-01
  1 SNES Function norm 1.768236178626e-10
  0 SNES Function norm 2.435630990861e-01
  1 SNES Function norm 1.745916199048e-10
  0 SNES Function norm 2.399730571481e-01
  1 SNES Function norm 1.712091691584e-10
  0 SNES Function norm 2.342366891779e-01
  1 SNES Function norm 1.790430163437e-10
  0 SNES Function norm 2.306972200256e-01
  1 SNES Function norm 1.722492366420e-10
  0 SNES Function norm 2.272966218275e-01
  1 SNES Function norm 1.691182453796e-10
  0 SNES Function norm 2.236425590834e-01
  1 SNES Function norm 1.795626730148e-10
  0 SNES Function norm 2.202042155345e-01
  1 SNES Function norm 1.876470423790e-10
  0 SNES Function norm 2.171340081409e-01
  1 SNES Function norm 1.756761084620e-10
  0 SNES Function norm 2.144773348689e-01
  1 SNES Function norm 1.732371760809e-10
  0 SNES Function norm 2.122006389510e-01
  1 SNES Function norm 1.743207354634e-10
  0 SNES Function norm 2.102341392021e-01
  1 SNES Function norm 1.733173992388e-10
  0 SNES Function norm 2.084837512121e-01
  1 SNES Function norm 1.780912972477e-10
  0 SNES Function norm 2.071326962681e-01
  1 SNES Function norm 1.803880958947e-10
  0 SNES Function norm 2.059659903915e-01
  1 SNES Function norm 1.743307843235e-10
  0 SNES Function norm 2.052654380376e-01
  1 SNES Function norm 1.744298969669e-10
  0 SNES Function norm 2.046171989999e-01
  1 SNES Function norm 1.798552461004e-10
  0 SNES Function norm 2.034655882591e-01
  1 SNES Function norm 1.809154673964e-10
  0 SNES Function norm 2.021308661333e-01
  1 SNES Function norm 9.607519235767e+00
  2 SNES Function norm 4.065024273641e+01
  3 SNES Function norm 4.267597671415e+01
  4 SNES Function norm 3.933444990961e+01
  5 SNES Function norm 7.869869343294e+01
  6 SNES Function norm 7.075294132063e+01
  7 SNES Function norm 6.644955436434e+01
  8 SNES Function norm 6.397550131488e+01
  9 SNES Function norm 6.254742209502e+01
 10 SNES Function norm 5.996122291707e+01
 11 SNES Function norm 5.803071946416e+01
 12 SNES Function norm 5.682109691326e+01
 13 SNES Function norm 5.553063312878e+01
 14 SNES Function norm 5.473174293786e+01
 15 SNES Function norm 5.277341554978e+01
 16 SNES Function norm 3.563251098034e+02
 17 SNES Function norm 1.475949046051e+02
 18 SNES Function norm 1.037170904912e+02
 19 SNES Function norm 8.675091867408e+01
 20 SNES Function norm 7.973276772980e+01
 21 SNES Function norm 7.626005487520e+01
 22 SNES Function norm 6.973205047535e+01
 23 SNES Function norm 6.512457181779e+01
 24 SNES Function norm 6.171484112213e+01
 25 SNES Function norm 5.926786542402e+01
 26 SNES Function norm 7.706484647442e+01
 27 SNES Function norm 6.990185201581e+01
 28 SNES Function norm 6.529726356888e+01
 29 SNES Function norm 6.147161871128e+01
 30 SNES Function norm 5.705528946032e+01
 31 SNES Function norm 5.668363269636e+01
 32 SNES Function norm 5.371013977923e+01
 33 SNES Function norm 5.051245227667e+01
 34 SNES Function norm 4.942328724670e+01
 35 SNES Function norm 4.695436484063e+01
 36 SNES Function norm 7.798815614420e+01
 37 SNES Function norm 7.557641413011e+01
 38 SNES Function norm 7.131739534768e+01
 39 SNES Function norm 6.945792546703e+01
 40 SNES Function norm 6.698257596882e+01
 41 SNES Function norm 6.408689201311e+01
 42 SNES Function norm 6.500359658205e+02
 43 SNES Function norm 1.254736374006e+02
 44 SNES Function norm 8.934325073555e+01
 45 SNES Function norm 8.469141379790e+01
 46 SNES Function norm 1.026002691469e+02
 47 SNES Function norm 8.439609805147e+01
 48 SNES Function norm 1.016779609336e+02
 49 SNES Function norm 8.279943152508e+01
 50 SNES Function norm 9.508417901099e+01
 51 SNES Function norm 7.965919600697e+01
 52 SNES Function norm 7.682361795390e+01
 53 SNES Function norm 7.158583902136e+01
 54 SNES Function norm 6.492201050673e+01
 55 SNES Function norm 5.905191825554e+01
 56 SNES Function norm 5.763050746687e+01
 57 SNES Function norm 2.402487678018e+02
 58 SNES Function norm 1.566125070412e+02
 59 SNES Function norm 1.078126545719e+02
 60 SNES Function norm 9.125255111756e+01
 61 SNES Function norm 8.814620801599e+01
 62 SNES Function norm 7.958482637776e+01
 63 SNES Function norm 7.331452383380e+01
 64 SNES Function norm 8.768633437921e+01
 65 SNES Function norm 7.901076509620e+01
 66 SNES Function norm 7.285240921527e+01
 67 SNES Function norm 6.672433220075e+01
 68 SNES Function norm 6.651153583629e+01
 69 SNES Function norm 6.592593214695e+01
 70 SNES Function norm 6.302713735135e+01
 71 SNES Function norm 5.848856805823e+01
 72 SNES Function norm 1.840869351093e+02
 73 SNES Function norm 1.325646799997e+02
 74 SNES Function norm 9.712509630057e+01
 75 SNES Function norm 8.537772880107e+01
 76 SNES Function norm 8.373030605497e+01
 77 SNES Function norm 7.672664248409e+01
 78 SNES Function norm 1.500069793170e+02
 79 SNES Function norm 1.158551550588e+02
 80 SNES Function norm 9.123148346455e+01
 81 SNES Function norm 8.709889375495e+01
 82 SNES Function norm 1.058902463091e+02
 83 SNES Function norm 8.648403149549e+01
 84 SNES Function norm 1.023403392743e+02
 85 SNES Function norm 8.269735899429e+01
 86 SNES Function norm 8.106895594677e+01
 87 SNES Function norm 7.434687367379e+01
 88 SNES Function norm 6.861125540754e+01
 89 SNES Function norm 6.649480471151e+01
 90 SNES Function norm 5.808453705982e+01
 91 SNES Function norm 5.578093992204e+01
 92 SNES Function norm 5.021448951141e+01
 93 SNES Function norm 4.822233155575e+01
 94 SNES Function norm 7.658948026505e+01
 95 SNES Function norm 7.479394902130e+01
 96 SNES Function norm 7.148188141518e+01
 97 SNES Function norm 6.887489765105e+01
 98 SNES Function norm 6.818825509964e+01
 99 SNES Function norm 6.658161363146e+01
100 SNES Function norm 6.601077068753e+01
    Linear DIRK33-Equation_ solve converged due to CONVERGED_ITS iterations 1
    Linear DIRK33-Equation_ solve converged due to CONVERGED_ITS iterations 1
    Linear DIRK33-Equation_ solve converged due to CONVERGED_ITS iterations 1
  step   9  picard  30 (res 9.86e-05)  newton FAILED  |u|max 2.07  dt 2.00e-03  Co 0.199  psi [-0.0007, +1.0051]  dV 7.92e-02  strain max 1.836
  0 SNES Function norm 7.681705118884e-01
  1 SNES Function norm 1.788770240491e-10
  0 SNES Function norm 5.317955463819e-01
  1 SNES Function norm 1.817688566050e-10
  0 SNES Function norm 4.416654317986e-01
  1 SNES Function norm 1.837690716495e-10
  0 SNES Function norm 3.735485433759e-01
  1 SNES Function norm 1.729801058250e-10
  0 SNES Function norm 3.239241902071e-01
  1 SNES Function norm 1.859512749350e-10
  0 SNES Function norm 2.897148159676e-01
  1 SNES Function norm 1.860049359358e-10
  0 SNES Function norm 2.686432572626e-01
  1 SNES Function norm 1.767383826073e-10
  0 SNES Function norm 2.559725406217e-01
  1 SNES Function norm 1.744010383523e-10
  0 SNES Function norm 2.483576031664e-01
  1 SNES Function norm 1.918584966146e-10
  0 SNES Function norm 2.434621404247e-01
  1 SNES Function norm 1.857752732049e-10
  0 SNES Function norm 2.395908437347e-01
  1 SNES Function norm 1.842443352394e-10
  0 SNES Function norm 2.370366720171e-01
  1 SNES Function norm 1.891288731345e-10
  0 SNES Function norm 2.349915661326e-01
  1 SNES Function norm 1.915384105704e-10
  0 SNES Function norm 2.325854295587e-01
  1 SNES Function norm 1.876931653859e-10
  0 SNES Function norm 2.312335113876e-01
  1 SNES Function norm 1.776036120347e-10
  0 SNES Function norm 2.291673561317e-01
  1 SNES Function norm 1.776948572491e-10
  0 SNES Function norm 2.276309478313e-01
  1 SNES Function norm 1.853900771013e-10
  0 SNES Function norm 2.261675188111e-01
  1 SNES Function norm 1.916481593271e-10
  0 SNES Function norm 2.254971502849e-01
  1 SNES Function norm 1.875555987734e-10
  0 SNES Function norm 2.244765606183e-01
  1 SNES Function norm 1.799905304585e-10
  0 SNES Function norm 2.227583364762e-01
  1 SNES Function norm 1.783069356508e-10
  0 SNES Function norm 2.218357232083e-01
  1 SNES Function norm 1.885032960511e-10
  0 SNES Function norm 2.213489721488e-01
  1 SNES Function norm 1.860227288734e-10
  0 SNES Function norm 2.212461172089e-01
  1 SNES Function norm 1.926732785422e-10
  0 SNES Function norm 2.208071103860e-01
  1 SNES Function norm 1.862842873238e-10
  0 SNES Function norm 2.208611731949e-01
  1 SNES Function norm 1.907933877263e-10
  0 SNES Function norm 2.209030959868e-01
  1 SNES Function norm 1.990634669544e-10
  0 SNES Function norm 2.209542293708e-01
  1 SNES Function norm 2.113985145295e+01
  2 SNES Function norm 8.806608419719e+01
  3 SNES Function norm 8.500635768908e+01
  4 SNES Function norm 7.867344591979e+01
  5 SNES Function norm 7.034957352666e+01
  6 SNES Function norm 6.339871607236e+01
  7 SNES Function norm 6.023881506516e+01
  8 SNES Function norm 5.738201314933e+01
  9 SNES Function norm 5.575136946701e+01
 10 SNES Function norm 5.421328015726e+01
 11 SNES Function norm 5.153841341091e+01
 12 SNES Function norm 5.026671166970e+01
 13 SNES Function norm 4.816264646933e+01
 14 SNES Function norm 4.692848097870e+01
 15 SNES Function norm 4.473787167824e+01
 16 SNES Function norm 1.751079282517e+02
 17 SNES Function norm 1.055757012199e+02
 18 SNES Function norm 8.820305203179e+01
 19 SNES Function norm 7.831407392410e+01
 20 SNES Function norm 7.520187526653e+01
 21 SNES Function norm 7.491125500649e+01
 22 SNES Function norm 7.484190272219e+01
 23 SNES Function norm 7.476318070246e+01
 24 SNES Function norm 7.469889605769e+01
 25 SNES Function norm 7.465654807424e+01
 26 SNES Function norm 7.462834555659e+01
 27 SNES Function norm 7.461392278329e+01
 28 SNES Function norm 7.461120320994e+01
 29 SNES Function norm 8.971089530050e+01
 30 SNES Function norm 7.957177794676e+01
 31 SNES Function norm 9.362835880811e+01
 32 SNES Function norm 7.733552323539e+01
 33 SNES Function norm 9.203521191588e+01
 34 SNES Function norm 7.720847641242e+01
 35 SNES Function norm 7.050137763357e+01
 36 SNES Function norm 6.261978561163e+01
 37 SNES Function norm 5.980176920340e+01
 38 SNES Function norm 5.373502672256e+01
 39 SNES Function norm 4.737899276315e+02
 40 SNES Function norm 1.936448591099e+02
 41 SNES Function norm 1.113245413554e+02
 42 SNES Function norm 9.149965030512e+01
 43 SNES Function norm 1.054260735020e+02
 44 SNES Function norm 8.599202041378e+01
 45 SNES Function norm 9.920240828778e+01
 46 SNES Function norm 8.179021992132e+01
 47 SNES Function norm 8.177799701551e+01
 48 SNES Function norm 8.176952024293e+01
 49 SNES Function norm 8.176382859468e+01
 50 SNES Function norm 8.175954052727e+01
 51 SNES Function norm 8.175666952437e+01
 52 SNES Function norm 8.175474614757e+01
 53 SNES Function norm 8.175345773190e+01
 54 SNES Function norm 8.175259456417e+01
 55 SNES Function norm 8.175201615665e+01
 56 SNES Function norm 8.175162860560e+01
 57 SNES Function norm 8.175049314750e+01
 58 SNES Function norm 8.174973136819e+01
 59 SNES Function norm 8.174922019100e+01
 60 SNES Function norm 8.174887743679e+01
 61 SNES Function norm 8.174864760620e+01
 62 SNES Function norm 8.174849349220e+01
 63 SNES Function norm 8.174839014883e+01
 64 SNES Function norm 8.174832085171e+01
 65 SNES Function norm 8.174827438499e+01
 66 SNES Function norm 8.174824322692e+01
 67 SNES Function norm 8.174822233393e+01
 68 SNES Function norm 8.174820832416e+01
 69 SNES Function norm 8.174819892990e+01
 70 SNES Function norm 8.174819263057e+01
 71 SNES Function norm 8.174818840654e+01
 72 SNES Function norm 8.174818557412e+01
 73 SNES Function norm 8.174818367483e+01
 74 SNES Function norm 8.174818240126e+01
 75 SNES Function norm 8.174818154727e+01
 76 SNES Function norm 8.174818097462e+01
 77 SNES Function norm 8.174818059063e+01
 78 SNES Function norm 8.174818033314e+01
 79 SNES Function norm 8.174818016048e+01
 80 SNES Function norm 8.174818004471e+01
 81 SNES Function norm 8.174817996707e+01
 82 SNES Function norm 8.174817991502e+01
 83 SNES Function norm 8.174817988011e+01
 84 SNES Function norm 8.174817985670e+01
 85 SNES Function norm 8.174817984101e+01
 86 SNES Function norm 8.174817983048e+01
 87 SNES Function norm 8.174817982342e+01
 88 SNES Function norm 8.174817981869e+01
 89 SNES Function norm 8.174817981552e+01
 90 SNES Function norm 8.174817981339e+01
 91 SNES Function norm 8.174817981196e+01
 92 SNES Function norm 8.174817981101e+01
 93 SNES Function norm 8.174817981037e+01
 94 SNES Function norm 8.174817980994e+01
 95 SNES Function norm 8.174817980965e+01
 96 SNES Function norm 8.174817980945e+01
 97 SNES Function norm 8.174817980932e+01
 98 SNES Function norm 8.174817980924e+01
 99 SNES Function norm 9.552313394970e+01
100 SNES Function norm 7.943396204392e+01
    Linear DIRK33-Equation_ solve converged due to CONVERGED_ITS iterations 1
    Linear DIRK33-Equation_ solve converged due to CONVERGED_ITS iterations 1
    Linear DIRK33-Equation_ solve converged due to CONVERGED_ITS iterations 1
  step  10  picard  27 (res 9.80e-05)  newton FAILED  |u|max 2.09  dt 2.00e-03  Co 0.201  psi [-0.0008, +1.0057]  dV 8.70e-02  strain max 1.881
  0 SNES Function norm 6.608507168680e-01
  1 SNES Function norm 1.859101752432e-10
  0 SNES Function norm 4.934050111860e-01
  1 SNES Function norm 1.850561908940e-10
  0 SNES Function norm 4.740033752996e-01
  1 SNES Function norm 1.853512642435e-10
  0 SNES Function norm 4.436853737519e-01
  1 SNES Function norm 1.892431432397e-10
  0 SNES Function norm 4.165866663036e-01
  1 SNES Function norm 1.844550289392e-10
  0 SNES Function norm 3.965568967865e-01
  1 SNES Function norm 1.931749743629e-10
  0 SNES Function norm 3.818320976832e-01
  1 SNES Function norm 1.876560192744e-10
  0 SNES Function norm 3.676727386897e-01
  1 SNES Function norm 1.950883151805e-10
  0 SNES Function norm 3.559158303553e-01
  1 SNES Function norm 1.939882634171e-10
  0 SNES Function norm 3.463938226919e-01
  1 SNES Function norm 1.829006315435e-10
  0 SNES Function norm 3.400808860144e-01
  1 SNES Function norm 1.909319160648e-10
  0 SNES Function norm 3.300457707796e-01
  1 SNES Function norm 1.824595856838e-10
  0 SNES Function norm 3.241768022116e-01
  1 SNES Function norm 1.806536121872e-10
  0 SNES Function norm 3.201717914778e-01
  1 SNES Function norm 1.893331551192e-10
  0 SNES Function norm 3.178956604538e-01
  1 SNES Function norm 1.910810438640e-10
  0 SNES Function norm 3.163984229529e-01
  1 SNES Function norm 1.825829360242e-10
  0 SNES Function norm 3.137030700217e-01
  1 SNES Function norm 1.856837592681e-10
  0 SNES Function norm 3.113719719300e-01
  1 SNES Function norm 1.937675523160e-10
  0 SNES Function norm 3.059264450433e-01
  1 SNES Function norm 1.810868972611e-10
  0 SNES Function norm 3.002996743662e-01
  1 SNES Function norm 1.944369060449e-10
  0 SNES Function norm 2.950606914026e-01
  1 SNES Function norm 1.948120958422e-10
  0 SNES Function norm 2.919981911203e-01
  1 SNES Function norm 1.881241209654e-10
  0 SNES Function norm 2.889057405350e-01
  1 SNES Function norm 2.018279449612e-10
  0 SNES Function norm 2.839209094933e-01
  1 SNES Function norm 1.860294472975e-10
  0 SNES Function norm 2.813644202030e-01
  1 SNES Function norm 1.844775992010e-10
  0 SNES Function norm 2.794483607428e-01
  1 SNES Function norm 1.828328463710e-10
  0 SNES Function norm 2.776117929081e-01
  1 SNES Function norm 1.927000612783e-10
  0 SNES Function norm 2.758978058136e-01
  1 SNES Function norm 1.846465562432e-10
  0 SNES Function norm 2.731486495981e-01
  1 SNES Function norm 2.543668639903e+00
  2 SNES Function norm 1.220595243640e+02
  3 SNES Function norm 9.897996934845e+01
  4 SNES Function norm 9.609865349765e+01
  5 SNES Function norm 8.701553927953e+01
  6 SNES Function norm 8.218847089907e+01
  7 SNES Function norm 7.206581762444e+01
  8 SNES Function norm 7.040882829957e+01
  9 SNES Function norm 6.623852330294e+01
 10 SNES Function norm 8.231662987346e+01
 11 SNES Function norm 7.366185329196e+01
 12 SNES Function norm 7.296064104078e+01
 13 SNES Function norm 7.183338931702e+01
 14 SNES Function norm 6.898274668665e+01
 15 SNES Function norm 6.100199940519e+01
 16 SNES Function norm 5.696533843092e+01
 17 SNES Function norm 7.904794077513e+01
 18 SNES Function norm 7.585832102987e+01
 19 SNES Function norm 7.056767500069e+01
 20 SNES Function norm 6.904012005931e+01
 21 SNES Function norm 6.490357263178e+01
 22 SNES Function norm 6.157386168431e+01
 23 SNES Function norm 5.756604948405e+01
 24 SNES Function norm 5.588332420017e+01
 25 SNES Function norm 5.257751663040e+01
 26 SNES Function norm 4.846705320682e+01
 27 SNES Function norm 4.838504804146e+01
 28 SNES Function norm 4.829253571615e+01
 29 SNES Function norm 4.813449902054e+01
 30 SNES Function norm 4.800814868527e+01
 31 SNES Function norm 8.484513643154e+01
 32 SNES Function norm 8.211338334940e+01
 33 SNES Function norm 7.497037442325e+01
 34 SNES Function norm 7.027732227081e+01
 35 SNES Function norm 6.717358306611e+01
 36 SNES Function norm 6.665500646745e+01
 37 SNES Function norm 6.405954723457e+01
 38 SNES Function norm 6.250158911789e+01
 39 SNES Function norm 6.111108501702e+01
 40 SNES Function norm 6.093085656409e+01
 41 SNES Function norm 1.127347311067e+02
 42 SNES Function norm 1.012720280816e+02
 43 SNES Function norm 8.575568101407e+01
 44 SNES Function norm 7.670080116265e+01
 45 SNES Function norm 9.542633178867e+01
 46 SNES Function norm 7.756091158098e+01
 47 SNES Function norm 9.884453320166e+01
 48 SNES Function norm 8.239387346786e+01
 49 SNES Function norm 9.605991145229e+01
 50 SNES Function norm 8.022795541028e+01
 51 SNES Function norm 7.565910404574e+01
 52 SNES Function norm 6.601307498972e+01
 53 SNES Function norm 6.050169465396e+01
 54 SNES Function norm 2.721211626157e+02
 55 SNES Function norm 1.402848062735e+02
 56 SNES Function norm 9.325214378470e+01
 57 SNES Function norm 8.731066721121e+01
 58 SNES Function norm 1.061767901703e+02
 59 SNES Function norm 8.673864383743e+01
 60 SNES Function norm 1.041725512479e+02
 61 SNES Function norm 8.472659158546e+01
 62 SNES Function norm 9.891647847616e+01
 63 SNES Function norm 8.196316249855e+01
 64 SNES Function norm 7.332949618014e+01
 65 SNES Function norm 6.620230244338e+01
 66 SNES Function norm 5.969701467193e+01
 67 SNES Function norm 5.543282617978e+01
 68 SNES Function norm 5.425901192268e+01
 69 SNES Function norm 5.263236520135e+01
 70 SNES Function norm 1.192190915472e+02
 71 SNES Function norm 1.097302406025e+02
 72 SNES Function norm 9.684784568484e+01
 73 SNES Function norm 8.712450555821e+01
 74 SNES Function norm 7.888869253306e+01
 75 SNES Function norm 7.532840671052e+01
 76 SNES Function norm 7.034645858394e+01
 77 SNES Function norm 6.849434123989e+01
 78 SNES Function norm 2.050927626585e+02
 79 SNES Function norm 1.308593204541e+02
 80 SNES Function norm 9.770535109145e+01
 81 SNES Function norm 8.650905254625e+01
 82 SNES Function norm 8.620244911328e+01
 83 SNES Function norm 8.579533580961e+01
 84 SNES Function norm 8.520085837273e+01
 85 SNES Function norm 8.439460070037e+01
 86 SNES Function norm 8.416444357186e+01
 87 SNES Function norm 8.402787394682e+01
 88 SNES Function norm 8.402187059711e+01
 89 SNES Function norm 1.086540615546e+02
 90 SNES Function norm 9.319096845680e+01
 91 SNES Function norm 9.124679063121e+01
 92 SNES Function norm 1.065581705540e+02
 93 SNES Function norm 8.585466290738e+01
 94 SNES Function norm 9.574746247312e+01
 95 SNES Function norm 8.129572492384e+01
 96 SNES Function norm 1.001110724053e+02
 97 SNES Function norm 8.016633021583e+01
 98 SNES Function norm 9.220703127249e+01
 99 SNES Function norm 7.738586347195e+01
100 SNES Function norm 7.729973598326e+01
    Linear DIRK33-Equation_ solve converged due to CONVERGED_ITS iterations 1
    Linear DIRK33-Equation_ solve converged due to CONVERGED_ITS iterations 1
    Linear DIRK33-Equation_ solve converged due to CONVERGED_ITS iterations 1
  step  11  picard  28 (res 9.84e-05)  newton FAILED  |u|max 2.12  dt 2.00e-03  Co 0.203  psi [-0.0010, +1.0049]  dV 9.48e-02  strain max 1.931
  0 SNES Function norm 6.904455713352e-01
  1 SNES Function norm 1.897350818967e-10
  0 SNES Function norm 5.174497151071e-01
  1 SNES Function norm 1.838938271419e-10
  0 SNES Function norm 5.032378168021e-01
  1 SNES Function norm 1.893305175195e-10
  0 SNES Function norm 4.842835569875e-01
  1 SNES Function norm 1.859793468654e-10
  0 SNES Function norm 4.287897932969e-01
  1 SNES Function norm 1.870264407697e-10
  0 SNES Function norm 3.614993682029e-01
  1 SNES Function norm 1.920429240078e-10
  0 SNES Function norm 3.081390413117e-01
  1 SNES Function norm 1.959551342658e-10
  0 SNES Function norm 2.909117808743e-01
  1 SNES Function norm 1.941994541930e-10
  0 SNES Function norm 2.784957826960e-01
  1 SNES Function norm 1.941940722169e-10
  0 SNES Function norm 2.699870235298e-01
  1 SNES Function norm 1.928106510749e-10
  0 SNES Function norm 2.624510434160e-01
  1 SNES Function norm 1.938545359454e-10
  0 SNES Function norm 2.546709236256e-01
  1 SNES Function norm 1.968532358909e-10
  0 SNES Function norm 2.456809157423e-01
  1 SNES Function norm 1.960194048186e-10
  0 SNES Function norm 2.389311283866e-01
  1 SNES Function norm 1.939135327535e-10
  0 SNES Function norm 2.316737640865e-01
  1 SNES Function norm 1.902238193237e-10
  0 SNES Function norm 2.257492004963e-01
  1 SNES Function norm 1.871603863744e-10
  0 SNES Function norm 2.208389139577e-01
  1 SNES Function norm 1.867078049854e-10
  0 SNES Function norm 2.155647354579e-01
  1 SNES Function norm 1.922186950819e-10
  0 SNES Function norm 2.095933120919e-01
  1 SNES Function norm 1.923214023587e-10
  0 SNES Function norm 2.049596481814e-01
  1 SNES Function norm 1.913468233537e-10
  0 SNES Function norm 2.010391672488e-01
  1 SNES Function norm 1.837572701543e-10
  0 SNES Function norm 1.972890063600e-01
  1 SNES Function norm 1.847622647604e-10
  0 SNES Function norm 1.934903357210e-01
  1 SNES Function norm 1.986298920438e-10
  0 SNES Function norm 1.906562886915e-01
  1 SNES Function norm 1.912248240336e-10
  0 SNES Function norm 1.877959367852e-01
  1 SNES Function norm 1.891791779153e-10
  0 SNES Function norm 1.853464196771e-01
  1 SNES Function norm 1.900888792964e-10
  0 SNES Function norm 1.829737188460e-01
  1 SNES Function norm 7.694722852387e+01
  2 SNES Function norm 7.014375204090e+01
  3 SNES Function norm 6.647060767244e+01
  4 SNES Function norm 6.551122234532e+01
  5 SNES Function norm 6.323242554520e+01
  6 SNES Function norm 6.238967434759e+01
  7 SNES Function norm 6.036498863373e+01
  8 SNES Function norm 5.938053687449e+01
  9 SNES Function norm 5.725207295059e+01
 10 SNES Function norm 5.612760562249e+01
 11 SNES Function norm 5.565759970358e+01
 12 SNES Function norm 5.495475517740e+01
 13 SNES Function norm 5.216765003671e+01
 14 SNES Function norm 1.655622553322e+02
 15 SNES Function norm 1.584060269606e+02
 16 SNES Function norm 1.054592930635e+02
 17 SNES Function norm 8.620263966417e+01
 18 SNES Function norm 7.922872814303e+01
 19 SNES Function norm 7.376231000820e+01
 20 SNES Function norm 6.887552091532e+01
 21 SNES Function norm 9.452292062661e+01
 22 SNES Function norm 8.081364896332e+01
 23 SNES Function norm 7.953675277936e+01
 24 SNES Function norm 7.884112366161e+01
 25 SNES Function norm 7.816147497061e+01
 26 SNES Function norm 7.709670475174e+01
 27 SNES Function norm 7.475653349391e+01
 28 SNES Function norm 6.740117721417e+01
 29 SNES Function norm 2.108907179687e+02
 30 SNES Function norm 1.147931028288e+02
 31 SNES Function norm 9.089408356183e+01
 32 SNES Function norm 8.261491406003e+01
 33 SNES Function norm 9.870615981441e+01
 34 SNES Function norm 8.298225352323e+01
 35 SNES Function norm 9.885811873277e+01
 36 SNES Function norm 8.384268982539e+01
 37 SNES Function norm 7.519428355765e+01
 38 SNES Function norm 6.707470155466e+01
 39 SNES Function norm 7.723953043767e+01
 40 SNES Function norm 7.145676185899e+01
 41 SNES Function norm 6.891564320169e+01
 42 SNES Function norm 6.815761035548e+01
 43 SNES Function norm 6.661544369720e+01
 44 SNES Function norm 6.426972668774e+01
 45 SNES Function norm 6.185040804324e+01
 46 SNES Function norm 6.037291075956e+01
 47 SNES Function norm 5.927261627741e+01
 48 SNES Function norm 5.915187878866e+01
 49 SNES Function norm 2.902805310704e+02
 50 SNES Function norm 2.838333732226e+02
 51 SNES Function norm 2.455420484722e+02
 52 SNES Function norm 1.153615377554e+02
 53 SNES Function norm 8.714585881518e+01
 54 SNES Function norm 8.165826967901e+01
 55 SNES Function norm 9.524633315461e+01
 56 SNES Function norm 7.958019778429e+01
 57 SNES Function norm 7.897941230628e+01
 58 SNES Function norm 7.715188381852e+01
 59 SNES Function norm 6.678780350654e+01
 60 SNES Function norm 3.586367715310e+03
    Linear DIRK33-Equation_ solve converged due to CONVERGED_ITS iterations 1
    Linear DIRK33-Equation_ solve converged due to CONVERGED_ITS iterations 1
    Linear DIRK33-Equation_ solve converged due to CONVERGED_ITS iterations 1
  step  12  picard  26 (res 9.56e-05)  newton FAILED  |u|max 2.14  dt 2.00e-03  Co 0.205  psi [-0.0011, +1.0044]  dV 1.03e-01  strain max 1.982
  0 SNES Function norm 6.758144411641e-01
  1 SNES Function norm 1.926846273591e-10
  0 SNES Function norm 4.732528018869e-01
  1 SNES Function norm 1.812441220658e-10
  0 SNES Function norm 4.341835257722e-01
  1 SNES Function norm 1.911745566613e-10
  0 SNES Function norm 4.041871893916e-01
  1 SNES Function norm 1.953085490306e-10
  0 SNES Function norm 3.697531065615e-01
  1 SNES Function norm 1.832408162957e-10
  0 SNES Function norm 3.321853136544e-01
  1 SNES Function norm 1.926367536014e-10
  0 SNES Function norm 3.024269103925e-01
  1 SNES Function norm 1.865485129479e-10
  0 SNES Function norm 2.795554796886e-01
  1 SNES Function norm 1.877525495751e-10
  0 SNES Function norm 2.611254067465e-01
  1 SNES Function norm 1.952855151189e-10
  0 SNES Function norm 2.479653209913e-01
  1 SNES Function norm 1.906787431023e-10
  0 SNES Function norm 2.376333802739e-01
  1 SNES Function norm 1.914325445183e-10
  0 SNES Function norm 2.303468383143e-01
  1 SNES Function norm 1.964888647298e-10
  0 SNES Function norm 2.244323119322e-01
  1 SNES Function norm 1.887576332307e-10
  0 SNES Function norm 2.186384949985e-01
  1 SNES Function norm 1.855357733176e-10
  0 SNES Function norm 2.121617789705e-01
  1 SNES Function norm 1.881203003794e-10
  0 SNES Function norm 2.071108573851e-01
  1 SNES Function norm 1.904838437015e-10
  0 SNES Function norm 2.024818581947e-01
  1 SNES Function norm 1.878556896206e-10
  0 SNES Function norm 1.981444579756e-01
  1 SNES Function norm 1.871628495628e-10
  0 SNES Function norm 1.938525880901e-01
  1 SNES Function norm 1.816800863655e-10
  0 SNES Function norm 1.889550902401e-01
  1 SNES Function norm 1.899927430181e-10
  0 SNES Function norm 1.853599443986e-01
  1 SNES Function norm 1.897719115273e-10
  0 SNES Function norm 1.792629141348e-01
  1 SNES Function norm 1.832646117186e-10
  0 SNES Function norm 1.756153249944e-01
  1 SNES Function norm 1.915613187616e-10
  0 SNES Function norm 1.731127624755e-01
  1 SNES Function norm 1.845413579670e-10
  0 SNES Function norm 1.710691645373e-01
  1 SNES Function norm 1.826115512576e-10
  0 SNES Function norm 1.687285176120e-01
  1 SNES Function norm 2.332070978324e+01
  2 SNES Function norm 4.385539787988e+01
  3 SNES Function norm 4.411908955816e+01
  4 SNES Function norm 4.417397802995e+01
  5 SNES Function norm 4.032695042273e+01
  6 SNES Function norm 8.123937533935e+01
  7 SNES Function norm 7.645969157431e+01
  8 SNES Function norm 7.331091623272e+01
  9 SNES Function norm 6.539529256740e+01
 10 SNES Function norm 6.498661962043e+01
 11 SNES Function norm 6.199893685413e+01
 12 SNES Function norm 6.206220516502e+01
 13 SNES Function norm 6.022660807717e+01
 14 SNES Function norm 5.850005873748e+01
 15 SNES Function norm 5.827259571952e+01
 16 SNES Function norm 5.521021815387e+01
 17 SNES Function norm 5.490346847403e+01
 18 SNES Function norm 2.381707940649e+02
 19 SNES Function norm 1.612700766161e+02
 20 SNES Function norm 1.039410574709e+02
 21 SNES Function norm 8.613278162539e+01
 22 SNES Function norm 8.189357733306e+01
 23 SNES Function norm 7.937034756192e+01
 24 SNES Function norm 7.219334222571e+01
 25 SNES Function norm 6.392800021764e+01
 26 SNES Function norm 8.292535636041e+01
 27 SNES Function norm 7.734414346010e+01
 28 SNES Function norm 7.265100202413e+01
 29 SNES Function norm 6.812314258342e+01
 30 SNES Function norm 6.297482321296e+01
 31 SNES Function norm 6.033575875784e+01
 32 SNES Function norm 7.969780404645e+01
 33 SNES Function norm 7.376085239229e+01
 34 SNES Function norm 6.938042537077e+01
 35 SNES Function norm 6.542261623059e+01
 36 SNES Function norm 6.270279697129e+01
 37 SNES Function norm 5.886649207034e+01
 38 SNES Function norm 5.616865439403e+01
 39 SNES Function norm 5.296912595822e+01
 40 SNES Function norm 9.054051078602e+01
 41 SNES Function norm 8.424346643431e+01
 42 SNES Function norm 7.671291758697e+01
 43 SNES Function norm 7.118424605870e+01
 44 SNES Function norm 6.549449274413e+01
 45 SNES Function norm 6.287900608881e+01
 46 SNES Function norm 5.900146865208e+01
 47 SNES Function norm 5.838348523251e+01
 48 SNES Function norm 5.576148945970e+01
 49 SNES Function norm 4.027288796082e+02
 50 SNES Function norm 1.176765092580e+02
 51 SNES Function norm 8.989883247812e+01
 52 SNES Function norm 8.263919077228e+01
 53 SNES Function norm 7.537974547005e+01
 54 SNES Function norm 6.943943883319e+01
 55 SNES Function norm 6.435922652779e+01
 56 SNES Function norm 6.104317936985e+01
 57 SNES Function norm 5.937239262711e+01
 58 SNES Function norm 5.554660826857e+01
 59 SNES Function norm 5.493539537934e+01
 60 SNES Function norm 5.275668157054e+01
 61 SNES Function norm 5.261693404461e+01
 62 SNES Function norm 4.987819651864e+01
 63 SNES Function norm 1.922306060257e+02
 64 SNES Function norm 1.487824284357e+02
 65 SNES Function norm 1.092215024636e+02
 66 SNES Function norm 8.946289491499e+01
 67 SNES Function norm 8.049323193100e+01
 68 SNES Function norm 7.519043067920e+01
 69 SNES Function norm 6.853146202389e+01
 70 SNES Function norm 6.309358694978e+01
 71 SNES Function norm 5.978246007731e+01
 72 SNES Function norm 5.634591996661e+01
 73 SNES Function norm 5.282789691807e+01
 74 SNES Function norm 2.540818611678e+02
 75 SNES Function norm 1.252319588761e+02
 76 SNES Function norm 9.592208341855e+01
 77 SNES Function norm 8.324048049578e+01
 78 SNES Function norm 8.016718347599e+01
 79 SNES Function norm 9.823577647696e+01
 80 SNES Function norm 8.114963290310e+01
 81 SNES Function norm 1.040269089242e+02
 82 SNES Function norm 8.446797576459e+01
 83 SNES Function norm 1.034557969487e+02
 84 SNES Function norm 8.513215540386e+01
 85 SNES Function norm 9.845776774978e+01
 86 SNES Function norm 8.079802816788e+01
 87 SNES Function norm 7.690664196242e+01
 88 SNES Function norm 6.674058051143e+01
 89 SNES Function norm 6.020893513462e+01
 90 SNES Function norm 7.300903970904e+01
 91 SNES Function norm 7.296968615926e+01
 92 SNES Function norm 1.005100054236e+02
 93 SNES Function norm 8.243041322043e+01
 94 SNES Function norm 1.039394610247e+02
 95 SNES Function norm 8.547482555548e+01
 96 SNES Function norm 1.032213708563e+02
 97 SNES Function norm 8.313153181315e+01
 98 SNES Function norm 8.202116266437e+01
 99 SNES Function norm 8.012152909165e+01
100 SNES Function norm 7.074543889067e+01
    Linear DIRK33-Equation_ solve converged due to CONVERGED_ITS iterations 1
    Linear DIRK33-Equation_ solve converged due to CONVERGED_ITS iterations 1
    Linear DIRK33-Equation_ solve converged due to CONVERGED_ITS iterations 1
  step  13  picard  25 (res 9.56e-05)  newton FAILED  |u|max 2.16  dt 2.00e-03  Co 0.207  psi [-0.0012, +1.0038]  dV 1.10e-01  strain max 2.035
  0 SNES Function norm 6.225934957528e-01
  1 SNES Function norm 1.765739143168e-10
  0 SNES Function norm 4.846923167811e-01
  1 SNES Function norm 1.825096585269e-10
  0 SNES Function norm 4.172735657080e-01
  1 SNES Function norm 1.872894435908e-10
  0 SNES Function norm 3.700556524808e-01
  1 SNES Function norm 1.785508737261e-10
  0 SNES Function norm 3.348743889630e-01
  1 SNES Function norm 1.886535593255e-10
  0 SNES Function norm 3.060537435861e-01
  1 SNES Function norm 1.957303074575e-10
  0 SNES Function norm 2.527501375258e-01
  1 SNES Function norm 1.890627061733e-10
  0 SNES Function norm 2.299763070132e-01
  1 SNES Function norm 1.861084674861e-10
  0 SNES Function norm 2.160393264948e-01
  1 SNES Function norm 1.885037868778e-10
  0 SNES Function norm 2.063943461716e-01
  1 SNES Function norm 1.920497441920e-10
  0 SNES Function norm 1.988955124387e-01
  1 SNES Function norm 1.797534025000e-10
  0 SNES Function norm 1.931837016086e-01
  1 SNES Function norm 1.895409014239e-10
  0 SNES Function norm 1.879493236707e-01
  1 SNES Function norm 1.901863707594e-10
  0 SNES Function norm 1.840127629885e-01
  1 SNES Function norm 1.864914360676e-10
  0 SNES Function norm 1.807261303990e-01
  1 SNES Function norm 1.861758661334e-10
  0 SNES Function norm 1.778426709343e-01
  1 SNES Function norm 1.783041841764e-10
  0 SNES Function norm 1.755434929487e-01
  1 SNES Function norm 1.877300412760e-10
  0 SNES Function norm 1.735710205352e-01
  1 SNES Function norm 1.858724916280e-10
  0 SNES Function norm 1.720537826371e-01
  1 SNES Function norm 1.907475357943e-10
  0 SNES Function norm 1.706029241069e-01
  1 SNES Function norm 1.799433326441e-10
  0 SNES Function norm 1.693456318690e-01
  1 SNES Function norm 1.851267942532e-10
  0 SNES Function norm 1.679434685915e-01
  1 SNES Function norm 1.852880162036e-10
  0 SNES Function norm 1.668630976843e-01
  1 SNES Function norm 1.793638480047e-10
  0 SNES Function norm 1.660220911826e-01
  1 SNES Function norm 1.830302205442e-10
  0 SNES Function norm 1.653872318695e-01
  1 SNES Function norm 4.015970229295e+01
  2 SNES Function norm 4.220226836134e+01
  3 SNES Function norm 3.895330905227e+01
  4 SNES Function norm 3.896022127653e+01
  5 SNES Function norm 3.028703769883e+02
  6 SNES Function norm 1.670225095273e+02
  7 SNES Function norm 1.300616315863e+02
  8 SNES Function norm 8.973022954660e+01
  9 SNES Function norm 8.283038435228e+01
 10 SNES Function norm 7.571159270414e+01
 11 SNES Function norm 7.278810926613e+01
 12 SNES Function norm 6.873992042603e+01
 13 SNES Function norm 6.444814663387e+01
 14 SNES Function norm 6.174868065053e+01
 15 SNES Function norm 5.825341069503e+01
 16 SNES Function norm 5.529306442969e+01
 17 SNES Function norm 5.413315812897e+01
 18 SNES Function norm 5.350913293744e+01
 19 SNES Function norm 5.344137889118e+01
 20 SNES Function norm 7.220008618739e+01
 21 SNES Function norm 7.089369805758e+01
 22 SNES Function norm 6.994818101140e+01
 23 SNES Function norm 6.681646651017e+01
 24 SNES Function norm 6.505320083867e+01
 25 SNES Function norm 6.274289123362e+01
 26 SNES Function norm 6.158417639924e+01
 27 SNES Function norm 6.150261231660e+01
 28 SNES Function norm 6.093444832838e+01
 29 SNES Function norm 6.085487262385e+01
 30 SNES Function norm 6.077876682102e+01
 31 SNES Function norm 1.976847788374e+02
 32 SNES Function norm 1.527084046121e+02
 33 SNES Function norm 1.050911117713e+02
 34 SNES Function norm 8.512331539513e+01
 35 SNES Function norm 7.628583779501e+01
 36 SNES Function norm 7.545996697916e+01
 37 SNES Function norm 7.352903761934e+01
 38 SNES Function norm 6.848183438504e+01
 39 SNES Function norm 6.310333756440e+01
 40 SNES Function norm 5.899786990991e+01
 41 SNES Function norm 5.673935930347e+01
 42 SNES Function norm 5.309859579974e+01
 43 SNES Function norm 5.270408071511e+01
 44 SNES Function norm 5.169038473279e+01
 45 SNES Function norm 4.993799483420e+01
 46 SNES Function norm 4.790347076205e+01
 47 SNES Function norm 4.651106291506e+01
 48 SNES Function norm 4.596309492554e+01
 49 SNES Function norm 4.470942681063e+01
 50 SNES Function norm 4.547046154177e+01
 51 SNES Function norm 6.217564436848e+01
 52 SNES Function norm 1.043955361733e+03
 53 SNES Function norm 1.354962545561e+02
 54 SNES Function norm 9.477588415769e+01
 55 SNES Function norm 8.409681288440e+01
 56 SNES Function norm 7.553262015432e+01
 57 SNES Function norm 6.861757680718e+01
 58 SNES Function norm 1.192644622488e+02
 59 SNES Function norm 1.036017046845e+02
 60 SNES Function norm 8.988026570033e+01
 61 SNES Function norm 8.377354656347e+01
 62 SNES Function norm 7.930412611727e+01
 63 SNES Function norm 7.507101842679e+01
 64 SNES Function norm 6.907224773198e+01
 65 SNES Function norm 6.577260069949e+01
 66 SNES Function norm 6.413986970627e+01
 67 SNES Function norm 5.958478793062e+01
 68 SNES Function norm 5.924003514593e+01
 69 SNES Function norm 5.640354448469e+01
 70 SNES Function norm 5.383201348241e+01
 71 SNES Function norm 5.265024452179e+01
 72 SNES Function norm 5.158173936155e+01
 73 SNES Function norm 5.028274987468e+01
 74 SNES Function norm 4.920242138021e+01
 75 SNES Function norm 4.794853106157e+01
 76 SNES Function norm 4.318507087049e+01
 77 SNES Function norm 5.740804955263e+01
 78 SNES Function norm 5.713957084420e+01
 79 SNES Function norm 5.282569454704e+01
 80 SNES Function norm 5.256343195837e+01
 81 SNES Function norm 5.191677196873e+01
 82 SNES Function norm 4.812704704240e+01
 83 SNES Function norm 8.711807432108e+01
 84 SNES Function norm 7.897471269841e+01
 85 SNES Function norm 7.150192980507e+01
 86 SNES Function norm 6.843444961437e+01
 87 SNES Function norm 6.625320473741e+01
 88 SNES Function norm 6.406542773555e+01
 89 SNES Function norm 6.221784203553e+01
 90 SNES Function norm 6.126767554510e+01
 91 SNES Function norm 6.022283803437e+01
 92 SNES Function norm 2.047821016508e+02
 93 SNES Function norm 1.729869466593e+02
 94 SNES Function norm 1.084551933797e+02
 95 SNES Function norm 8.773813166787e+01
 96 SNES Function norm 7.719443938023e+01
 97 SNES Function norm 7.203309361862e+01
 98 SNES Function norm 6.823456573507e+01
 99 SNES Function norm 6.445576179688e+01
100 SNES Function norm 5.993680263844e+01
    Linear DIRK33-Equation_ solve converged due to CONVERGED_ITS iterations 1
    Linear DIRK33-Equation_ solve converged due to CONVERGED_ITS iterations 1
    Linear DIRK33-Equation_ solve converged due to CONVERGED_ITS iterations 1
  step  14  picard  24 (res 9.82e-05)  newton FAILED  |u|max 2.17  dt 2.00e-03  Co 0.208  psi [-0.0013, +1.0079]  dV 1.18e-01  strain max 2.087
  0 SNES Function norm 5.711061818058e-01
  1 SNES Function norm 1.887639595311e-10
  0 SNES Function norm 4.591518996459e-01
  1 SNES Function norm 1.825311549565e-10
  0 SNES Function norm 4.080687464372e-01
  1 SNES Function norm 1.805995328260e-10
  0 SNES Function norm 3.648488674868e-01
  1 SNES Function norm 1.889934584036e-10
  0 SNES Function norm 3.291164238060e-01
  1 SNES Function norm 1.824828421276e-10
  0 SNES Function norm 3.034391485491e-01
  1 SNES Function norm 1.837658606655e-10
  0 SNES Function norm 2.831921848748e-01
  1 SNES Function norm 1.903954950873e-10
  0 SNES Function norm 2.663574736898e-01
  1 SNES Function norm 1.877815031585e-10
  0 SNES Function norm 2.539108998415e-01
  1 SNES Function norm 1.828383141429e-10
  0 SNES Function norm 2.436377848742e-01
  1 SNES Function norm 1.987521600758e-10
  0 SNES Function norm 2.347314247165e-01
  1 SNES Function norm 1.896327856571e-10
  0 SNES Function norm 2.271483327082e-01
  1 SNES Function norm 1.864142339246e-10
  0 SNES Function norm 2.212731916805e-01
  1 SNES Function norm 1.863625535435e-10
  0 SNES Function norm 2.168181749099e-01
  1 SNES Function norm 1.861834298190e-10
  0 SNES Function norm 2.127260664202e-01
  1 SNES Function norm 1.866081835197e-10
  0 SNES Function norm 2.089686705105e-01
  1 SNES Function norm 1.850576989853e-10
  0 SNES Function norm 2.056447378392e-01
  1 SNES Function norm 1.951321186224e-10
  0 SNES Function norm 2.027337516141e-01
  1 SNES Function norm 1.866788502452e-10
  0 SNES Function norm 2.002001548838e-01
  1 SNES Function norm 1.876325067339e-10
  0 SNES Function norm 1.978896609456e-01
  1 SNES Function norm 1.956178476715e-10
  0 SNES Function norm 1.956980880498e-01
  1 SNES Function norm 1.839723572583e-10
  0 SNES Function norm 1.936902228004e-01
  1 SNES Function norm 1.878518528224e-10
  0 SNES Function norm 1.920330225946e-01
  1 SNES Function norm 1.105146137754e+01
  2 SNES Function norm 2.590048025786e+01
  3 SNES Function norm 8.594260907444e+01
  4 SNES Function norm 7.637745747930e+01
  5 SNES Function norm 7.088599808920e+01
  6 SNES Function norm 6.621350470676e+01
  7 SNES Function norm 6.199471836625e+01
  8 SNES Function norm 5.923233618563e+01
  9 SNES Function norm 5.754893693294e+01
 10 SNES Function norm 5.738211716692e+01
 11 SNES Function norm 5.378934131558e+01
 12 SNES Function norm 4.924585100428e+01
 13 SNES Function norm 4.908819325962e+01
 14 SNES Function norm 4.806331430743e+01
 15 SNES Function norm 4.611295048051e+01
 16 SNES Function norm 4.610520570814e+01
 17 SNES Function norm 4.518614535089e+01
 18 SNES Function norm 4.272496333828e+01
 19 SNES Function norm 9.361035214244e+01
 20 SNES Function norm 8.618856970731e+01
 21 SNES Function norm 8.234227264273e+01
 22 SNES Function norm 7.951669900862e+01
 23 SNES Function norm 7.574332571299e+01
 24 SNES Function norm 7.287319751696e+01
 25 SNES Function norm 6.883955092561e+01
 26 SNES Function norm 9.201447092787e+01
 27 SNES Function norm 7.827978677974e+01
 28 SNES Function norm 9.451288807882e+01
 29 SNES Function norm 7.841627888974e+01
 30 SNES Function norm 7.682161153107e+01
 31 SNES Function norm 7.389313626235e+01
 32 SNES Function norm 6.542005712589e+01
 33 SNES Function norm 6.433551922771e+01
 34 SNES Function norm 5.879562343900e+01
 35 SNES Function norm 5.765883784671e+01
 36 SNES Function norm 5.589857935100e+01
 37 SNES Function norm 5.128404169074e+01
 38 SNES Function norm 5.123018696150e+01
 39 SNES Function norm 2.399430132795e+02
 40 SNES Function norm 1.640247154599e+02
 41 SNES Function norm 1.089725929999e+02
 42 SNES Function norm 9.070888370721e+01
 43 SNES Function norm 8.477521056743e+01
 44 SNES Function norm 8.461488305011e+01
 45 SNES Function norm 8.449629238570e+01
 46 SNES Function norm 8.439381255825e+01
 47 SNES Function norm 8.421110615007e+01
 48 SNES Function norm 8.392782412700e+01
 49 SNES Function norm 8.339310963067e+01
 50 SNES Function norm 8.229668553022e+01
 51 SNES Function norm 7.798789077638e+01
 52 SNES Function norm 7.203050158839e+01
 53 SNES Function norm 6.748886684626e+01
 54 SNES Function norm 6.266549205694e+01
 55 SNES Function norm 6.003675791356e+01
 56 SNES Function norm 2.144576799269e+02
 57 SNES Function norm 1.734005110049e+02
 58 SNES Function norm 1.165273936853e+02
 59 SNES Function norm 9.092415069346e+01
 60 SNES Function norm 8.561047515894e+01
 61 SNES Function norm 8.500040578840e+01
 62 SNES Function norm 8.441784423649e+01
 63 SNES Function norm 8.327602410395e+01
 64 SNES Function norm 8.039846922599e+01
 65 SNES Function norm 7.477943370323e+01
 66 SNES Function norm 7.031145516400e+01
 67 SNES Function norm 6.549920601818e+01
 68 SNES Function norm 6.151456172095e+01
 69 SNES Function norm 5.843003062348e+01
 70 SNES Function norm 3.711403983243e+03
    Linear DIRK33-Equation_ solve converged due to CONVERGED_ITS iterations 1
    Linear DIRK33-Equation_ solve converged due to CONVERGED_ITS iterations 1
    Linear DIRK33-Equation_ solve converged due to CONVERGED_ITS iterations 1
  step  15  picard  22 (res 9.64e-05)  newton FAILED  |u|max 2.18  dt 2.00e-03  Co 0.209  psi [-0.0014, +1.0098]  dV 1.26e-01  strain max 2.139
  0 SNES Function norm 6.460080338442e-01
  1 SNES Function norm 1.857551148617e-10
  0 SNES Function norm 5.480870543434e-01
  1 SNES Function norm 1.880403998243e-10
  0 SNES Function norm 5.022193355767e-01
  1 SNES Function norm 1.851290585763e-10
  0 SNES Function norm 4.408516933466e-01
  1 SNES Function norm 1.898319640689e-10
  0 SNES Function norm 3.833083176055e-01
  1 SNES Function norm 1.904061112680e-10
  0 SNES Function norm 3.302682102698e-01
  1 SNES Function norm 1.839801329577e-10
  0 SNES Function norm 2.975217793326e-01
  1 SNES Function norm 1.892821456279e-10
  0 SNES Function norm 2.663068313087e-01
  1 SNES Function norm 1.900462798868e-10
  0 SNES Function norm 2.527597000366e-01
  1 SNES Function norm 1.894804770577e-10
  0 SNES Function norm 2.439882443164e-01
  1 SNES Function norm 1.993996818175e-10
  0 SNES Function norm 2.371571568241e-01
  1 SNES Function norm 2.030200209911e-10
  0 SNES Function norm 2.310513824647e-01
  1 SNES Function norm 1.897545558959e-10
  0 SNES Function norm 2.262123004097e-01
  1 SNES Function norm 1.864441376809e-10
  0 SNES Function norm 2.221726235067e-01
  1 SNES Function norm 1.899067052612e-10
  0 SNES Function norm 2.181867283232e-01
  1 SNES Function norm 1.877080891268e-10
  0 SNES Function norm 2.146538094711e-01
  1 SNES Function norm 1.974974695293e-10
  0 SNES Function norm 2.116535426989e-01
  1 SNES Function norm 1.963608583664e-10
  0 SNES Function norm 2.089344829168e-01
  1 SNES Function norm 2.199825356571e+01
  2 SNES Function norm 6.025849615066e+01
  3 SNES Function norm 5.994414292229e+01
  4 SNES Function norm 5.836436077860e+01
  5 SNES Function norm 5.722763369740e+01
  6 SNES Function norm 5.651234632456e+01
  7 SNES Function norm 5.563774865995e+01
  8 SNES Function norm 5.509310992399e+01
  9 SNES Function norm 5.446791400851e+01
 10 SNES Function norm 5.400974556146e+01
 11 SNES Function norm 5.310150318692e+01
 12 SNES Function norm 5.219501842328e+01
 13 SNES Function norm 5.211938470381e+01
 14 SNES Function norm 1.007615080408e+02
 15 SNES Function norm 8.272048722020e+01
 16 SNES Function norm 7.229790982600e+01
 17 SNES Function norm 7.062502068712e+01
 18 SNES Function norm 6.865268010629e+01
 19 SNES Function norm 6.510456416969e+01
 20 SNES Function norm 6.368338400111e+01
 21 SNES Function norm 6.173048759964e+01
 22 SNES Function norm 5.950292195228e+01
 23 SNES Function norm 5.926306211737e+01
 24 SNES Function norm 5.870828438936e+01
 25 SNES Function norm 9.488064898811e+01
 26 SNES Function norm 9.209855529099e+01
 27 SNES Function norm 8.770157887518e+01
 28 SNES Function norm 8.312762694074e+01
 29 SNES Function norm 7.764194626290e+01
 30 SNES Function norm 7.289200215931e+01
 31 SNES Function norm 6.714645994522e+01
 32 SNES Function norm 6.439771650487e+01
 33 SNES Function norm 6.337506895609e+01
 34 SNES Function norm 5.979479320603e+01
 35 SNES Function norm 5.811452413300e+01
 36 SNES Function norm 1.071935047878e+02
 37 SNES Function norm 9.647903731026e+01
 38 SNES Function norm 8.512453263228e+01
 39 SNES Function norm 7.818758077948e+01
 40 SNES Function norm 7.438516567318e+01
 41 SNES Function norm 6.748757055818e+01
 42 SNES Function norm 6.444682769902e+01
 43 SNES Function norm 9.245799754656e+01
 44 SNES Function norm 8.278646888814e+01
 45 SNES Function norm 7.735046309179e+01
 46 SNES Function norm 7.240415569476e+01
 47 SNES Function norm 6.570597942802e+01
 48 SNES Function norm 6.178294270080e+01
 49 SNES Function norm 7.746657912292e+01
 50 SNES Function norm 7.389790682427e+01
 51 SNES Function norm 7.112872485834e+01
 52 SNES Function norm 6.795673902083e+01
 53 SNES Function norm 6.639020820258e+01
 54 SNES Function norm 6.577655491508e+01
 55 SNES Function norm 6.174868868568e+01
 56 SNES Function norm 6.161358824744e+01
 57 SNES Function norm 1.234222355115e+02
 58 SNES Function norm 1.036327150122e+02
 59 SNES Function norm 8.797591022932e+01
 60 SNES Function norm 8.009145357706e+01
 61 SNES Function norm 7.342486366199e+01
 62 SNES Function norm 6.999703221887e+01
 63 SNES Function norm 6.669473293793e+01
 64 SNES Function norm 1.789019841787e+02
 65 SNES Function norm 1.752660725835e+02
 66 SNES Function norm 1.287555513144e+02
 67 SNES Function norm 9.519802975971e+01
 68 SNES Function norm 8.497680104773e+01
 69 SNES Function norm 8.012987914420e+01
 70 SNES Function norm 7.396332405465e+01
 71 SNES Function norm 7.007683168522e+01
 72 SNES Function norm 9.380315806685e+01
 73 SNES Function norm 7.972540920598e+01
 74 SNES Function norm 7.213118220249e+01
 75 SNES Function norm 6.856896692772e+01
 76 SNES Function norm 6.499415230307e+01
 77 SNES Function norm 6.460996443355e+01
 78 SNES Function norm 6.059207206229e+01
 79 SNES Function norm 5.722151816480e+01
 80 SNES Function norm 5.418304555991e+01
 81 SNES Function norm 8.904688055878e+02
 82 SNES Function norm 1.287078096231e+02
 83 SNES Function norm 9.457743942120e+01
 84 SNES Function norm 8.621748996760e+01
 85 SNES Function norm 7.931170422966e+01
 86 SNES Function norm 7.371410207099e+01
 87 SNES Function norm 6.947186746506e+01
 88 SNES Function norm 6.733346422074e+01
 89 SNES Function norm 6.138363884076e+01
 90 SNES Function norm 5.815896395696e+01
 91 SNES Function norm 5.606647625597e+01
 92 SNES Function norm 5.535906517201e+01
 93 SNES Function norm 5.431219225415e+01
 94 SNES Function norm 5.158207265358e+01
 95 SNES Function norm 2.947253509196e+02
 96 SNES Function norm 2.095459211112e+02
 97 SNES Function norm 1.179569971869e+02
 98 SNES Function norm 9.040161611391e+01
 99 SNES Function norm 7.959334406112e+01
100 SNES Function norm 9.280222712654e+01
    Linear DIRK33-Equation_ solve converged due to CONVERGED_ITS iterations 1
    Linear DIRK33-Equation_ solve converged due to CONVERGED_ITS iterations 1
    Linear DIRK33-Equation_ solve converged due to CONVERGED_ITS iterations 1
  step  16  picard  17 (res 9.21e-05)  newton FAILED  |u|max 2.18  dt 2.00e-03  Co 0.210  psi [-0.0015, +1.0084]  dV 1.33e-01  strain max 2.188
  0 SNES Function norm 7.834913980442e-01
  1 SNES Function norm 1.965281375878e-10
  0 SNES Function norm 6.294351763608e-01
  1 SNES Function norm 1.834481671652e-10
  0 SNES Function norm 5.348125806499e-01
  1 SNES Function norm 1.870186143822e-10
  0 SNES Function norm 4.454851637436e-01
  1 SNES Function norm 1.882032743690e-10
  0 SNES Function norm 3.779629345842e-01
  1 SNES Function norm 1.844073773574e-10
  0 SNES Function norm 3.413099518046e-01
  1 SNES Function norm 1.958404313900e-10
  0 SNES Function norm 3.199479280640e-01
  1 SNES Function norm 1.929481864625e-10
  0 SNES Function norm 3.037922339372e-01
  1 SNES Function norm 1.978197686004e-10
  0 SNES Function norm 2.898512788989e-01
  1 SNES Function norm 1.951245627897e-10
  0 SNES Function norm 2.780388302067e-01
  1 SNES Function norm 2.016389132946e-10
  0 SNES Function norm 2.672084860359e-01
  1 SNES Function norm 1.995800427849e-10
  0 SNES Function norm 2.585372932087e-01
  1 SNES Function norm 2.009082940853e-10
  0 SNES Function norm 2.509647529356e-01
  1 SNES Function norm 1.970752556532e-10
  0 SNES Function norm 2.448904731163e-01
  1 SNES Function norm 2.011517383250e-10
  0 SNES Function norm 2.393078345086e-01
  1 SNES Function norm 1.969636798062e-10
  0 SNES Function norm 2.346606164168e-01
  1 SNES Function norm 1.755576783493e+01
  2 SNES Function norm 7.543544198104e+01
  3 SNES Function norm 7.294106911371e+01
  4 SNES Function norm 6.904986795401e+01
  5 SNES Function norm 6.605818265893e+01
  6 SNES Function norm 6.188233932647e+01
  7 SNES Function norm 5.893177944429e+01
  8 SNES Function norm 5.810930422524e+01
  9 SNES Function norm 5.738764259923e+01
 10 SNES Function norm 5.771248433809e+01
 11 SNES Function norm 5.649002626566e+01
 12 SNES Function norm 5.608031410076e+01
 13 SNES Function norm 5.529607960573e+01
 14 SNES Function norm 5.302356179208e+01
 15 SNES Function norm 5.263727758712e+01
 16 SNES Function norm 4.964922467346e+01
 17 SNES Function norm 2.214413010432e+02
 18 SNES Function norm 1.566524690398e+02
 19 SNES Function norm 1.033805163043e+02
 20 SNES Function norm 8.621785033983e+01
 21 SNES Function norm 7.698463151783e+01
 22 SNES Function norm 7.231470016484e+01
 23 SNES Function norm 6.894163510862e+01
 24 SNES Function norm 6.673693795050e+01
 25 SNES Function norm 8.525556632814e+01
 26 SNES Function norm 7.547227355336e+01
 27 SNES Function norm 6.731208634285e+01
 28 SNES Function norm 6.302281689924e+01
 29 SNES Function norm 5.696319149839e+01
 30 SNES Function norm 5.389201169641e+01
 31 SNES Function norm 5.181523239245e+01
 32 SNES Function norm 2.280433939637e+02
 33 SNES Function norm 1.398360849174e+02
 34 SNES Function norm 1.027871308177e+02
 35 SNES Function norm 8.551726371262e+01
 36 SNES Function norm 8.152425849049e+01
 37 SNES Function norm 9.595853920918e+01
 38 SNES Function norm 8.024002608783e+01
 39 SNES Function norm 9.611583618834e+01
 40 SNES Function norm 7.954120474044e+01
 41 SNES Function norm 9.763354014123e+01
 42 SNES Function norm 8.207342750652e+01
 43 SNES Function norm 8.195249148500e+01
 44 SNES Function norm 8.164886729603e+01
 45 SNES Function norm 8.069616320905e+01
 46 SNES Function norm 7.542922820018e+01
 47 SNES Function norm 7.050127347743e+01
 48 SNES Function norm 8.244534998095e+01
 49 SNES Function norm 7.426696372625e+01
 50 SNES Function norm 7.115717250586e+01
 51 SNES Function norm 9.882404017031e+01
 52 SNES Function norm 8.294580435517e+01
 53 SNES Function norm 8.170492626397e+01
 54 SNES Function norm 7.362219176077e+01
 55 SNES Function norm 6.357461084209e+01
 56 SNES Function norm 5.984861962569e+01
 57 SNES Function norm 8.407761201650e+01
 58 SNES Function norm 7.887391055288e+01
 59 SNES Function norm 7.216385000665e+01
 60 SNES Function norm 9.094706141776e+01
 61 SNES Function norm 7.718486033439e+01
 62 SNES Function norm 7.486203320819e+01
 63 SNES Function norm 6.805843377325e+01
 64 SNES Function norm 6.035563187014e+01
 65 SNES Function norm 5.745347209620e+01
 66 SNES Function norm 5.331208796277e+01
 67 SNES Function norm 5.286522594691e+01
 68 SNES Function norm 6.883124823612e+02
 69 SNES Function norm 1.244103401340e+02
 70 SNES Function norm 9.353808810007e+01
 71 SNES Function norm 8.425429903853e+01
 72 SNES Function norm 7.751193534976e+01
 73 SNES Function norm 7.057307515745e+01
 74 SNES Function norm 6.361904880974e+01
 75 SNES Function norm 6.182882780597e+01
 76 SNES Function norm 5.902984348182e+01
 77 SNES Function norm 5.617446228400e+01
 78 SNES Function norm 5.475438821325e+01
 79 SNES Function norm 5.448633038962e+01
 80 SNES Function norm 5.401922631204e+01
 81 SNES Function norm 5.377919437023e+01
 82 SNES Function norm 4.947346152014e+01
 83 SNES Function norm 4.928158879912e+01
 84 SNES Function norm 4.920356935821e+01
 85 SNES Function norm 4.810467221915e+01
 86 SNES Function norm 4.823922390991e+01
 87 SNES Function norm 4.934162506266e+01
 88 SNES Function norm 4.902319500351e+01
 89 SNES Function norm 4.312743930128e+01
 90 SNES Function norm 2.146286501718e+02
 91 SNES Function norm 1.392937814609e+02
 92 SNES Function norm 1.118976685197e+02
 93 SNES Function norm 9.283210071263e+01
 94 SNES Function norm 8.057642721790e+01
 95 SNES Function norm 7.571927653945e+01
 96 SNES Function norm 7.103123131812e+01
 97 SNES Function norm 6.506205420198e+01
 98 SNES Function norm 6.324564694188e+01
 99 SNES Function norm 5.978000848492e+01
100 SNES Function norm 5.768649530764e+01
    Linear DIRK33-Equation_ solve converged due to CONVERGED_ITS iterations 1
    Linear DIRK33-Equation_ solve converged due to CONVERGED_ITS iterations 1
    Linear DIRK33-Equation_ solve converged due to CONVERGED_ITS iterations 1
  step  17  picard  15 (res 9.93e-05)  newton FAILED  |u|max 2.18  dt 2.00e-03  Co 0.210  psi [-0.0016, +1.0108]  dV 1.41e-01  strain max 2.233
  0 SNES Function norm 7.459901241766e-01
  1 SNES Function norm 1.910640115374e-10
  0 SNES Function norm 6.284650062099e-01
  1 SNES Function norm 1.928169215361e-10
  0 SNES Function norm 5.881337794174e-01
  1 SNES Function norm 1.933068533539e-10
  0 SNES Function norm 5.279920436422e-01
  1 SNES Function norm 2.023913305757e-10
  0 SNES Function norm 4.786068783815e-01
  1 SNES Function norm 1.917639218475e-10
  0 SNES Function norm 4.462770057081e-01
  1 SNES Function norm 2.018620849549e-10
  0 SNES Function norm 4.267426909061e-01
  1 SNES Function norm 2.031164658685e-10
  0 SNES Function norm 4.133922824663e-01
  1 SNES Function norm 2.059027388966e-10
  0 SNES Function norm 3.998741136314e-01
  1 SNES Function norm 2.016958656545e-10
  0 SNES Function norm 3.751046194507e-01
  1 SNES Function norm 2.061261417972e-10
  0 SNES Function norm 3.136257706234e-01
  1 SNES Function norm 2.050598248739e-10
  0 SNES Function norm 2.914394233034e-01
  1 SNES Function norm 2.078760864392e-10
  0 SNES Function norm 2.802594209376e-01
  1 SNES Function norm 2.030041009329e-10
  0 SNES Function norm 2.702067596751e-01
  1 SNES Function norm 2.011966694410e-10
  0 SNES Function norm 2.622268302876e-01
  1 SNES Function norm 2.092034144759e-10
  0 SNES Function norm 2.553010508948e-01
  1 SNES Function norm 2.099566386325e-10
  0 SNES Function norm 2.493810784076e-01
  1 SNES Function norm 2.041686045661e-10
  0 SNES Function norm 2.446302640154e-01
  1 SNES Function norm 2.059601300183e-10
  0 SNES Function norm 2.399810886911e-01
  1 SNES Function norm 2.085985364643e-10
  0 SNES Function norm 2.339754668263e-01
  1 SNES Function norm 1.997447189676e-10
  0 SNES Function norm 2.272966565388e-01
  1 SNES Function norm 2.061564272407e-10
  0 SNES Function norm 2.226483972139e-01
  1 SNES Function norm 1.280389391352e+01
  2 SNES Function norm 3.137497307402e+01
  3 SNES Function norm 2.963407259843e+02
  4 SNES Function norm 2.701727418532e+02
  5 SNES Function norm 1.148686477828e+02
  6 SNES Function norm 8.706057811602e+01
  7 SNES Function norm 7.289574492162e+01
  8 SNES Function norm 6.922263405823e+01
  9 SNES Function norm 8.587997419112e+01
 10 SNES Function norm 7.494809359186e+01
 11 SNES Function norm 9.343815351192e+01
 12 SNES Function norm 8.094659299529e+01
 13 SNES Function norm 9.158266605989e+01
 14 SNES Function norm 7.692073592610e+01
 15 SNES Function norm 9.402792222170e+01
 16 SNES Function norm 7.824324781537e+01
 17 SNES Function norm 9.011253795892e+01
 18 SNES Function norm 7.685585395937e+01
 19 SNES Function norm 9.475610341651e+01
 20 SNES Function norm 7.726542248536e+01
 21 SNES Function norm 7.396339148219e+01
 22 SNES Function norm 6.761533535972e+01
 23 SNES Function norm 5.806433555628e+01
 24 SNES Function norm 5.355237551015e+01
 25 SNES Function norm 7.478786409054e+01
 26 SNES Function norm 7.450442318121e+01
 27 SNES Function norm 1.049828538582e+02
 28 SNES Function norm 8.506399098187e+01
 29 SNES Function norm 8.062138572627e+01
 30 SNES Function norm 9.862688205224e+01
 31 SNES Function norm 8.451609197731e+01
 32 SNES Function norm 1.020019743285e+02
 33 SNES Function norm 8.245081747796e+01
 34 SNES Function norm 9.421067051510e+01
 35 SNES Function norm 7.817851052259e+01
 36 SNES Function norm 6.763977223062e+01
 37 SNES Function norm 6.260648261666e+01
 38 SNES Function norm 7.918567994783e+01
 39 SNES Function norm 7.115438321355e+01
 40 SNES Function norm 6.475757988498e+01
 41 SNES Function norm 6.067249461854e+01
 42 SNES Function norm 5.616525552035e+01
 43 SNES Function norm 5.362888921739e+01
 44 SNES Function norm 3.515162823200e+02
 45 SNES Function norm 1.361585215455e+02
 46 SNES Function norm 9.573533606221e+01
 47 SNES Function norm 8.608230965170e+01
 48 SNES Function norm 1.055125695217e+02
 49 SNES Function norm 8.805138953111e+01
 50 SNES Function norm 1.013420457783e+02
 51 SNES Function norm 8.266845802070e+01
 52 SNES Function norm 9.539408098471e+01
 53 SNES Function norm 7.918712438656e+01
 54 SNES Function norm 7.545184867671e+01
 55 SNES Function norm 6.519814458976e+01
 56 SNES Function norm 5.741140839512e+01
 57 SNES Function norm 7.068047192417e+01
 58 SNES Function norm 6.993466562666e+01
 59 SNES Function norm 6.987685265869e+01
 60 SNES Function norm 6.979617650802e+01
 61 SNES Function norm 6.966942756194e+01
 62 SNES Function norm 6.953870865852e+01
 63 SNES Function norm 6.941812189638e+01
 64 SNES Function norm 6.925376255801e+01
 65 SNES Function norm 6.912957843877e+01
 66 SNES Function norm 6.903396902943e+01
 67 SNES Function norm 6.902858865853e+01
 68 SNES Function norm 6.902610720996e+01
 69 SNES Function norm 6.902497122278e+01
 70 SNES Function norm 6.902445303205e+01
 71 SNES Function norm 6.902421695152e+01
 72 SNES Function norm 6.902410945660e+01
 73 SNES Function norm 6.902406052019e+01
 74 SNES Function norm 6.902403823820e+01
 75 SNES Function norm 6.902402809315e+01
 76 SNES Function norm 6.902402347419e+01
 77 SNES Function norm 6.902402137123e+01
 78 SNES Function norm 6.902402041379e+01
 79 SNES Function norm 6.902401997788e+01
 80 SNES Function norm 6.902401977941e+01
 81 SNES Function norm 6.902401968906e+01
 82 SNES Function norm 6.902401964792e+01
 83 SNES Function norm 6.902401962919e+01
 84 SNES Function norm 6.902401962066e+01
 85 SNES Function norm 6.902401961678e+01
 86 SNES Function norm 6.902401961501e+01
 87 SNES Function norm 6.902401961421e+01
 88 SNES Function norm 6.902401961384e+01
 89 SNES Function norm 6.902401961368e+01
 90 SNES Function norm 6.902401961360e+01
 91 SNES Function norm 9.929475480473e+01
 92 SNES Function norm 8.191062284100e+01
 93 SNES Function norm 1.021776759111e+02
 94 SNES Function norm 8.520876295228e+01
 95 SNES Function norm 1.029820338043e+02
 96 SNES Function norm 8.253883047960e+01
 97 SNES Function norm 9.511496813421e+01
 98 SNES Function norm 7.922162357308e+01
 99 SNES Function norm 7.486013814687e+01
100 SNES Function norm 6.536903937982e+01
    Linear DIRK33-Equation_ solve converged due to CONVERGED_ITS iterations 1
    Linear DIRK33-Equation_ solve converged due to CONVERGED_ITS iterations 1
    Linear DIRK33-Equation_ solve converged due to CONVERGED_ITS iterations 1
  step  18  picard  21 (res 9.79e-05)  newton FAILED  |u|max 2.18  dt 2.00e-03  Co 0.209  psi [-0.0017, +1.0079]  dV 1.48e-01  strain max 2.273
  0 SNES Function norm 7.623738139451e-01
  1 SNES Function norm 1.996377809665e-10
  0 SNES Function norm 5.735973721310e-01
  1 SNES Function norm 2.067253405633e-10
  0 SNES Function norm 5.182849020701e-01
  1 SNES Function norm 2.058624904559e-10
  0 SNES Function norm 4.520548217163e-01
  1 SNES Function norm 2.002758373908e-10
  0 SNES Function norm 4.049368560524e-01
  1 SNES Function norm 2.008005056684e-10
  0 SNES Function norm 3.844136050868e-01
  1 SNES Function norm 2.042466364188e-10
  0 SNES Function norm 3.638322287593e-01
  1 SNES Function norm 2.031306473695e-10
  0 SNES Function norm 3.484154831284e-01
  1 SNES Function norm 2.159197361156e-10
  0 SNES Function norm 3.169471277617e-01
  1 SNES Function norm 2.106773832583e-10
  0 SNES Function norm 2.889019355508e-01
  1 SNES Function norm 2.078305237138e-10
  0 SNES Function norm 2.723854336582e-01
  1 SNES Function norm 2.010996559797e-10
  0 SNES Function norm 2.583586552206e-01
  1 SNES Function norm 2.190199755068e-10
  0 SNES Function norm 2.484730823833e-01
  1 SNES Function norm 2.092326788492e-10
  0 SNES Function norm 2.419507127040e-01
  1 SNES Function norm 2.129950406130e-10
  0 SNES Function norm 2.354031502143e-01
  1 SNES Function norm 2.140890630207e-10
  0 SNES Function norm 2.289493291818e-01
  1 SNES Function norm 2.095268147300e-10
  0 SNES Function norm 2.220646153912e-01
  1 SNES Function norm 2.143042960094e-10
  0 SNES Function norm 2.146104736440e-01
  1 SNES Function norm 2.103372779238e-10
  0 SNES Function norm 2.086113470781e-01
  1 SNES Function norm 2.101468118453e-10
  0 SNES Function norm 2.033103947990e-01
  1 SNES Function norm 2.077739708550e-10
  0 SNES Function norm 1.990830048984e-01
  1 SNES Function norm 2.150699067709e-01
  2 SNES Function norm 3.777299746921e-01
  3 SNES Function norm 2.999942135884e-01
  4 SNES Function norm 2.359601825125e-01
  5 SNES Function norm 1.884448295459e-01
  6 SNES Function norm 1.588045947758e-01
  7 SNES Function norm 1.428831952873e-01
  8 SNES Function norm 1.209568708651e-01
  9 SNES Function norm 9.159072284389e-02
 10 SNES Function norm 6.404247808719e-02
 11 SNES Function norm 3.613810529013e-02
 12 SNES Function norm 1.521436893932e-02
 13 SNES Function norm 8.948218099363e-03
 14 SNES Function norm 2.472902334436e-04
 15 SNES Function norm 9.035373783574e-08
    Linear DIRK33-Equation_ solve converged due to CONVERGED_ITS iterations 1
    Linear DIRK33-Equation_ solve converged due to CONVERGED_ITS iterations 1
    Linear DIRK33-Equation_ solve converged due to CONVERGED_ITS iterations 1
  step  19  picard  20 (res 9.94e-05)  newton ok  |u|max 2.20  dt 2.00e-03  Co 0.211  psi [-0.0018, +1.0099]  dV 1.56e-01  strain max 2.307
  0 SNES Function norm 6.392166583533e-01
  1 SNES Function norm 2.036802753802e-10
  0 SNES Function norm 4.822402893907e-01
  1 SNES Function norm 2.106051752323e-10
  0 SNES Function norm 4.697551520339e-01
  1 SNES Function norm 2.030971919845e-10
  0 SNES Function norm 4.399469181746e-01
  1 SNES Function norm 2.062076025827e-10
  0 SNES Function norm 3.931343430555e-01
  1 SNES Function norm 2.111541892256e-10
  0 SNES Function norm 3.819404181721e-01
  1 SNES Function norm 2.020669089499e-10
  0 SNES Function norm 3.199244764043e-01
  1 SNES Function norm 2.071677207097e-10
  0 SNES Function norm 2.370369328086e-01
  1 SNES Function norm 2.054452260202e-10
  0 SNES Function norm 2.266357541204e-01
  1 SNES Function norm 2.121671868151e-10
  0 SNES Function norm 2.276828950266e-01
  1 SNES Function norm 2.166171801063e-10
  0 SNES Function norm 1.188070077432e-01
  1 SNES Function norm 2.160868900610e-10
  0 SNES Function norm 9.185451681544e-02
  1 SNES Function norm 2.146879299653e-10
  0 SNES Function norm 8.101162496857e-02
  1 SNES Function norm 2.061543305807e-10
  0 SNES Function norm 7.337486750503e-02
  1 SNES Function norm 2.048349192719e-10
  0 SNES Function norm 6.743515962389e-02
  1 SNES Function norm 1.985995804395e-10
  0 SNES Function norm 6.263691964656e-02
  1 SNES Function norm 6.292680295435e-02
  2 SNES Function norm 6.007371902590e-02
  3 SNES Function norm 5.916418643607e-02
  4 SNES Function norm 5.881804813075e-02
  5 SNES Function norm 5.874475152850e-02
  6 SNES Function norm 2.794220684905e-01
  7 SNES Function norm 1.639256376310e-01
  8 SNES Function norm 1.004778505951e-01
  9 SNES Function norm 7.112607569131e-02
 10 SNES Function norm 5.318700804496e-02
 11 SNES Function norm 4.108985285117e-02
 12 SNES Function norm 3.573419451328e-02
 13 SNES Function norm 1.208964586841e-01
 14 SNES Function norm 1.817899327059e-03
 15 SNES Function norm 1.548296143038e-06
 16 SNES Function norm 1.781999722607e-10
    Linear DIRK33-Equation_ solve converged due to CONVERGED_ITS iterations 1
    Linear DIRK33-Equation_ solve converged due to CONVERGED_ITS iterations 1
    Linear DIRK33-Equation_ solve converged due to CONVERGED_ITS iterations 1
  step  20  picard  15 (res 9.96e-05)  newton ok  |u|max 2.20  dt 2.00e-03  Co 0.211  psi [-0.0029, +1.0074]  dV 1.63e-01  strain max 2.335
  0 SNES Function norm 6.889090318496e-01
  1 SNES Function norm 1.971886994233e-10
  0 SNES Function norm 5.057764468515e-01
  1 SNES Function norm 2.091434445177e-10
  0 SNES Function norm 4.622538616704e-01
  1 SNES Function norm 2.110023557341e-10
  0 SNES Function norm 3.822182134691e-01
  1 SNES Function norm 2.075082254209e-10
  0 SNES Function norm 2.963338469092e-01
  1 SNES Function norm 1.996985957874e-10
  0 SNES Function norm 2.317915000023e-01
  1 SNES Function norm 2.148600233965e-10
  0 SNES Function norm 1.915775420370e-01
  1 SNES Function norm 2.135185635430e-10
  0 SNES Function norm 1.593437877537e-01
  1 SNES Function norm 2.060025878083e-10
  0 SNES Function norm 1.392569711554e-01
  1 SNES Function norm 2.072019692806e-10
  0 SNES Function norm 1.229108415642e-01
  1 SNES Function norm 2.206492424874e-10
  0 SNES Function norm 1.026129765077e-01
  1 SNES Function norm 2.080388418537e-10
  0 SNES Function norm 9.183008292002e-02
  1 SNES Function norm 2.054834812601e-10
  0 SNES Function norm 8.365483815032e-02
  1 SNES Function norm 2.166915287116e-10
  0 SNES Function norm 7.723086350612e-02
  1 SNES Function norm 2.092688019007e-10
  0 SNES Function norm 7.209652093053e-02
  1 SNES Function norm 2.121139414189e-10
  0 SNES Function norm 6.626252987870e-02
  1 SNES Function norm 2.167182426318e-10
  0 SNES Function norm 6.179497872298e-02
  1 SNES Function norm 5.920803985159e-02
  2 SNES Function norm 5.455625910830e-02
  3 SNES Function norm 4.501432953928e-02
  4 SNES Function norm 3.649729847216e-02
  5 SNES Function norm 2.884142951239e-02
  6 SNES Function norm 2.141742089092e-02
  7 SNES Function norm 1.642538279853e-02
  8 SNES Function norm 1.037018512729e-02
  9 SNES Function norm 5.015695384130e-03
 10 SNES Function norm 2.037074030176e-04
 11 SNES Function norm 5.955254540936e-07
    Linear DIRK33-Equation_ solve converged due to CONVERGED_ITS iterations 1
    Linear DIRK33-Equation_ solve converged due to CONVERGED_ITS iterations 1
    Linear DIRK33-Equation_ solve converged due to CONVERGED_ITS iterations 1
  step  21  picard  16 (res 9.55e-05)  newton ok  |u|max 2.20  dt 2.00e-03  Co 0.211  psi [-0.0048, +1.0088]  dV 1.70e-01  strain max 2.355
  0 SNES Function norm 5.833188324973e-01
  1 SNES Function norm 1.964316627285e-10
  0 SNES Function norm 4.434054889950e-01
  1 SNES Function norm 2.094028516386e-10
  0 SNES Function norm 4.229225966603e-01
  1 SNES Function norm 2.139138603745e-10
  0 SNES Function norm 3.612983923736e-01
  1 SNES Function norm 2.110688256886e-10
  0 SNES Function norm 2.722236456993e-01
  1 SNES Function norm 2.178272404160e-10
  0 SNES Function norm 1.990234088017e-01
  1 SNES Function norm 2.118897749094e-10
  0 SNES Function norm 1.543908658919e-01
  1 SNES Function norm 2.113852512892e-10
  0 SNES Function norm 1.237749862761e-01
  1 SNES Function norm 1.997777127954e-10
  0 SNES Function norm 1.036739469866e-01
  1 SNES Function norm 2.201779460557e-10
  0 SNES Function norm 8.884647723885e-02
  1 SNES Function norm 2.054295875969e-10
  0 SNES Function norm 7.794350704766e-02
  1 SNES Function norm 2.219075678561e-10
  0 SNES Function norm 6.917200083900e-02
  1 SNES Function norm 2.136344390342e-10
  0 SNES Function norm 6.196531430998e-02
  1 SNES Function norm 2.136321199281e-10
  0 SNES Function norm 5.600387378406e-02
  1 SNES Function norm 2.151224130023e-10
  0 SNES Function norm 5.094906975514e-02
  1 SNES Function norm 2.132448751380e-10
  0 SNES Function norm 4.525322397597e-02
  1 SNES Function norm 2.202954054421e-10
  0 SNES Function norm 4.121521200679e-02
  1 SNES Function norm 5.242273354073e-02
  2 SNES Function norm 4.399718135516e-02
  3 SNES Function norm 4.113854124716e-02
  4 SNES Function norm 2.338247721270e-01
  5 SNES Function norm 1.085812786084e-01
  6 SNES Function norm 5.461496500237e-02
  7 SNES Function norm 1.947016650589e-02
  8 SNES Function norm 6.190597212823e-03
  9 SNES Function norm 1.622071313136e-03
 10 SNES Function norm 2.094402883379e-05
 11 SNES Function norm 3.050876442643e-09
    Linear DIRK33-Equation_ solve converged due to CONVERGED_ITS iterations 1
    Linear DIRK33-Equation_ solve converged due to CONVERGED_ITS iterations 1
    Linear DIRK33-Equation_ solve converged due to CONVERGED_ITS iterations 1
  step  22  picard  16 (res 9.45e-05)  newton ok  |u|max 2.20  dt 2.00e-03  Co 0.211  psi [-0.0064, +1.0095]  dV 1.78e-01  strain max 2.369
  0 SNES Function norm 5.208509260363e-01
  1 SNES Function norm 2.124767358312e-10
  0 SNES Function norm 4.162045293457e-01
  1 SNES Function norm 2.115913284157e-10
  0 SNES Function norm 3.655749856925e-01
  1 SNES Function norm 2.124543331971e-10
  0 SNES Function norm 3.013458047966e-01
  1 SNES Function norm 2.122164485378e-10
  0 SNES Function norm 2.327594296229e-01
  1 SNES Function norm 2.181285340225e-10
  0 SNES Function norm 1.751354150822e-01
  1 SNES Function norm 2.219052145039e-10
  0 SNES Function norm 1.379593768179e-01
  1 SNES Function norm 2.083585077331e-10
  0 SNES Function norm 1.162856802503e-01
  1 SNES Function norm 2.181931722763e-10
  0 SNES Function norm 1.011696704061e-01
  1 SNES Function norm 2.139857602893e-10
  0 SNES Function norm 8.906365161280e-02
  1 SNES Function norm 2.144086368518e-10
  0 SNES Function norm 7.943142069912e-02
  1 SNES Function norm 2.198651771921e-10
  0 SNES Function norm 7.171246603847e-02
  1 SNES Function norm 2.088792905049e-10
  0 SNES Function norm 6.500213863228e-02
  1 SNES Function norm 2.178888933215e-10
  0 SNES Function norm 5.872970556294e-02
  1 SNES Function norm 2.129922658467e-10
  0 SNES Function norm 5.361039213195e-02
  1 SNES Function norm 2.077700779443e-10
  0 SNES Function norm 4.925224592275e-02
  1 SNES Function norm 2.211320771832e-10
  0 SNES Function norm 4.546674022372e-02
  1 SNES Function norm 2.193050612552e-10
  0 SNES Function norm 4.215101890873e-02
  1 SNES Function norm 3.673095054964e-01
  2 SNES Function norm 9.846389620235e-01
  3 SNES Function norm 2.631379769756e+00
  4 SNES Function norm 2.651700762330e+00
  5 SNES Function norm 3.766502336062e+00
  6 SNES Function norm 3.837802101831e+00
  7 SNES Function norm 3.658670166482e+00
  8 SNES Function norm 2.734508927817e+01
  9 SNES Function norm 1.726834859749e+02
 10 SNES Function norm 8.444012654867e+01
 11 SNES Function norm 6.217773433780e+01
 12 SNES Function norm 6.118280953500e+01
 13 SNES Function norm 5.492467763109e+01
 14 SNES Function norm 5.225999734159e+01
 15 SNES Function norm 4.937831641730e+01
 16 SNES Function norm 4.667378054033e+01
 17 SNES Function norm 4.474724820621e+01
 18 SNES Function norm 4.352766017789e+01
 19 SNES Function norm 7.224018898803e+01
 20 SNES Function norm 6.986577542406e+01
 21 SNES Function norm 6.631370761314e+01
 22 SNES Function norm 6.482185030009e+01
 23 SNES Function norm 6.242763593398e+01
 24 SNES Function norm 6.207111059978e+01
 25 SNES Function norm 6.011224943473e+01
 26 SNES Function norm 5.995670110378e+01
 27 SNES Function norm 5.902108282903e+01
 28 SNES Function norm 5.857164550586e+01
 29 SNES Function norm 5.635690779188e+01
 30 SNES Function norm 5.531069187769e+01
 31 SNES Function norm 5.277579048614e+01
 32 SNES Function norm 5.204711554210e+01
 33 SNES Function norm 5.143456105994e+01
 34 SNES Function norm 4.930938625147e+01
 35 SNES Function norm 4.858251002423e+01
 36 SNES Function norm 4.694979733640e+01
 37 SNES Function norm 4.409394344492e+01
 38 SNES Function norm 4.408756888608e+01
 39 SNES Function norm 4.284041626281e+01
 40 SNES Function norm 4.305527441770e+01
 41 SNES Function norm 4.271046653517e+01
 42 SNES Function norm 4.849710553173e+01
 43 SNES Function norm 4.857689128828e+01
 44 SNES Function norm 4.806065551554e+01
 45 SNES Function norm 4.836442719425e+01
 46 SNES Function norm 4.695801819972e+01
 47 SNES Function norm 4.632446412730e+01
 48 SNES Function norm 4.523832400359e+01
 49 SNES Function norm 4.485749688690e+01
 50 SNES Function norm 4.407397868028e+01
 51 SNES Function norm 4.227648498222e+01
 52 SNES Function norm 4.173219586702e+01
 53 SNES Function norm 4.027893275617e+01
 54 SNES Function norm 3.970893032970e+01
 55 SNES Function norm 3.854559733528e+01
 56 SNES Function norm 1.213403876521e+02
 57 SNES Function norm 8.369068931402e+01
 58 SNES Function norm 1.612307317386e+03
    Linear DIRK33-Equation_ solve converged due to CONVERGED_ITS iterations 1
    Linear DIRK33-Equation_ solve converged due to CONVERGED_ITS iterations 1
    Linear DIRK33-Equation_ solve converged due to CONVERGED_ITS iterations 1
  step  23  picard  17 (res 9.16e-05)  newton FAILED  |u|max 2.19  dt 2.00e-03  Co 0.211  psi [-0.0078, +1.0102]  dV 1.85e-01  strain max 2.367
  0 SNES Function norm 4.656451784213e-01
  1 SNES Function norm 2.177010298823e-10
  0 SNES Function norm 3.769621770736e-01
  1 SNES Function norm 2.230666716088e-10
  0 SNES Function norm 3.292660336220e-01
  1 SNES Function norm 2.111434286636e-10
  0 SNES Function norm 2.629871869554e-01
  1 SNES Function norm 2.179567661148e-10
  0 SNES Function norm 1.991221005542e-01
  1 SNES Function norm 2.143105638509e-10
  0 SNES Function norm 1.623811566372e-01
  1 SNES Function norm 2.214471667272e-10
  0 SNES Function norm 1.385010524029e-01
  1 SNES Function norm 2.133117005043e-10
  0 SNES Function norm 1.178100914369e-01
  1 SNES Function norm 2.068222848010e-10
  0 SNES Function norm 1.006674161997e-01
  1 SNES Function norm 2.123806384981e-10
  0 SNES Function norm 8.902111906318e-02
  1 SNES Function norm 2.154697706151e-10
  0 SNES Function norm 8.055584531112e-02
  1 SNES Function norm 2.157105432456e-10
  0 SNES Function norm 7.357829535051e-02
  1 SNES Function norm 2.163025029597e-10
  0 SNES Function norm 6.760567238275e-02
  1 SNES Function norm 2.168993282858e-10
  0 SNES Function norm 6.258137108709e-02
  1 SNES Function norm 2.151869784371e-10
  0 SNES Function norm 5.764884740008e-02
  1 SNES Function norm 2.262352689349e-10
  0 SNES Function norm 5.335920801883e-02
  1 SNES Function norm 2.190860927440e-10
  0 SNES Function norm 4.988838979527e-02
  1 SNES Function norm 2.284790251091e-10
  0 SNES Function norm 4.637522733449e-02
  1 SNES Function norm 2.121569175990e-10
  0 SNES Function norm 4.326345139957e-02
  1 SNES Function norm 5.599689976800e-01
  2 SNES Function norm 1.338831298264e+00
  3 SNES Function norm 3.009529238762e+00
  4 SNES Function norm 5.915336363719e+00
  5 SNES Function norm 1.677861865331e+01
  6 SNES Function norm 1.660370126427e+01
  7 SNES Function norm 1.577489844484e+01
  8 SNES Function norm 1.518269203243e+01
  9 SNES Function norm 1.292374649188e+01
 10 SNES Function norm 1.247437666875e+01
 11 SNES Function norm 1.178874559509e+01
 12 SNES Function norm 1.149343527735e+01
 13 SNES Function norm 1.094279039033e+01
 14 SNES Function norm 1.049491094311e+01
 15 SNES Function norm 1.004354562831e+01
 16 SNES Function norm 2.139946757908e+01
 17 SNES Function norm 2.139504686016e+01
 18 SNES Function norm 4.007649838087e+01
 19 SNES Function norm 4.007399765721e+01
 20 SNES Function norm 3.924896563659e+01
 21 SNES Function norm 3.759025928118e+01
 22 SNES Function norm 3.746948544305e+01
 23 SNES Function norm 3.789027875026e+01
 24 SNES Function norm 3.671699451401e+01
 25 SNES Function norm 3.688020872847e+01
 26 SNES Function norm 3.610305678067e+01
 27 SNES Function norm 3.681135379279e+01
 28 SNES Function norm 3.589723700944e+01
 29 SNES Function norm 3.581657442123e+01
 30 SNES Function norm 3.536272233007e+01
 31 SNES Function norm 3.537224623594e+01
 32 SNES Function norm 3.557204328151e+01
 33 SNES Function norm 3.582485398290e+01
 34 SNES Function norm 3.713325955004e+01
 35 SNES Function norm 3.732807937663e+01
 36 SNES Function norm 4.234797858818e+01
 37 SNES Function norm 4.234330502343e+01
 38 SNES Function norm 1.562753022697e+02
 39 SNES Function norm 1.028945249825e+02
 40 SNES Function norm 8.003419086645e+01
 41 SNES Function norm 7.264450378591e+01
 42 SNES Function norm 6.798648763877e+01
 43 SNES Function norm 6.353600651931e+01
 44 SNES Function norm 6.023453470613e+01
 45 SNES Function norm 5.728941893347e+01
 46 SNES Function norm 5.557476655011e+01
 47 SNES Function norm 1.416485185353e+02
 48 SNES Function norm 1.114116570137e+02
 49 SNES Function norm 8.855729182481e+01
 50 SNES Function norm 7.975635181076e+01
 51 SNES Function norm 7.399496361337e+01
 52 SNES Function norm 6.943956984264e+01
 53 SNES Function norm 1.965656086207e+03
    Linear DIRK33-Equation_ solve converged due to CONVERGED_ITS iterations 1
    Linear DIRK33-Equation_ solve converged due to CONVERGED_ITS iterations 1
    Linear DIRK33-Equation_ solve converged due to CONVERGED_ITS iterations 1
  step  24  picard  18 (res 9.75e-05)  newton FAILED  |u|max 2.19  dt 2.00e-03  Co 0.210  psi [-0.0090, +1.0108]  dV 1.92e-01  strain max 2.353
  0 SNES Function norm 4.925412119661e-01
  1 SNES Function norm 2.068478042979e-10
  0 SNES Function norm 3.742221014258e-01
  1 SNES Function norm 2.192034025946e-10
  0 SNES Function norm 2.987703791772e-01
  1 SNES Function norm 2.173602496855e-10
  0 SNES Function norm 2.280801685695e-01
  1 SNES Function norm 2.207474082531e-10
  0 SNES Function norm 1.809494032801e-01
  1 SNES Function norm 2.113423753651e-10
  0 SNES Function norm 1.533175732361e-01
  1 SNES Function norm 2.292631590859e-10
  0 SNES Function norm 1.329006770844e-01
  1 SNES Function norm 2.205755054937e-10
  0 SNES Function norm 1.164686162514e-01
  1 SNES Function norm 2.287832793273e-10
  0 SNES Function norm 1.042104904178e-01
  1 SNES Function norm 2.091077739882e-10
  0 SNES Function norm 9.452741758723e-02
  1 SNES Function norm 2.102732983961e-10
  0 SNES Function norm 8.665537258780e-02
  1 SNES Function norm 2.153791763323e-10
  0 SNES Function norm 7.999044989545e-02
  1 SNES Function norm 2.166421184216e-10
  0 SNES Function norm 7.404223668439e-02
  1 SNES Function norm 2.189330977391e-10
  0 SNES Function norm 6.873265617929e-02
  1 SNES Function norm 2.142139955033e-10
  0 SNES Function norm 6.393870653009e-02
  1 SNES Function norm 2.128611635494e-10
  0 SNES Function norm 5.991135330258e-02
  1 SNES Function norm 2.130697911745e-10
  0 SNES Function norm 5.626645948939e-02
  1 SNES Function norm 2.100419111665e-10
  0 SNES Function norm 5.285234791010e-02
  1 SNES Function norm 2.127097893187e-10
  0 SNES Function norm 4.961497377942e-02
  1 SNES Function norm 8.234226653932e-02
  2 SNES Function norm 7.413386602308e-02
  3 SNES Function norm 7.131532532142e-02
  4 SNES Function norm 7.120840221637e-02
  5 SNES Function norm 7.542113886102e-01
  6 SNES Function norm 1.299877804033e+00
  7 SNES Function norm 2.768100073683e+01
  8 SNES Function norm 2.188871922265e+01
  9 SNES Function norm 2.184899358435e+01
 10 SNES Function norm 1.893021743855e+01
 11 SNES Function norm 1.891734780116e+01
 12 SNES Function norm 1.786999828255e+01
 13 SNES Function norm 1.475378675445e+01
 14 SNES Function norm 1.415201496639e+01
 15 SNES Function norm 1.260099548603e+01
 16 SNES Function norm 1.194901004593e+01
 17 SNES Function norm 1.141558224373e+01
 18 SNES Function norm 1.149221489419e+01
 19 SNES Function norm 1.090104178248e+01
 20 SNES Function norm 1.068230963635e+01
 21 SNES Function norm 1.030511095001e+01
 22 SNES Function norm 9.982740051726e+00
 23 SNES Function norm 9.879335800472e+00
 24 SNES Function norm 9.633008202661e+00
 25 SNES Function norm 9.497689376132e+00
 26 SNES Function norm 9.202862261022e+00
 27 SNES Function norm 8.733771838348e+00
 28 SNES Function norm 8.383344495596e+00
 29 SNES Function norm 1.439842356350e+01
 30 SNES Function norm 1.424931246699e+01
 31 SNES Function norm 1.227859533290e+01
 32 SNES Function norm 2.534923765958e+01
 33 SNES Function norm 2.584312813221e+01
 34 SNES Function norm 2.459504503480e+01
 35 SNES Function norm 2.360374775092e+01
 36 SNES Function norm 2.248325410219e+01
 37 SNES Function norm 2.321081600734e+01
 38 SNES Function norm 2.315866754021e+01
 39 SNES Function norm 2.300655165912e+01
 40 SNES Function norm 2.228033764913e+01
 41 SNES Function norm 2.176967932955e+01
 42 SNES Function norm 2.146190259944e+01
 43 SNES Function norm 2.127706982587e+01
 44 SNES Function norm 2.116021775230e+01
 45 SNES Function norm 2.083000765839e+01
 46 SNES Function norm 2.030979642283e+01
 47 SNES Function norm 2.027788585237e+01
 48 SNES Function norm 2.000976292886e+01
 49 SNES Function norm 2.000516667702e+01
 50 SNES Function norm 1.984999011041e+01
 51 SNES Function norm 2.016481770295e+01
 52 SNES Function norm 1.993526083917e+01
 53 SNES Function norm 1.962995037422e+01
 54 SNES Function norm 1.971656547119e+01
 55 SNES Function norm 1.948708977156e+01
 56 SNES Function norm 1.985393802250e+01
 57 SNES Function norm 1.932484029335e+01
 58 SNES Function norm 1.914407467802e+01
 59 SNES Function norm 1.787761637835e+01
 60 SNES Function norm 1.710703967923e+01
 61 SNES Function norm 3.947631333122e+03
    Linear DIRK33-Equation_ solve converged due to CONVERGED_ITS iterations 1
    Linear DIRK33-Equation_ solve converged due to CONVERGED_ITS iterations 1
    Linear DIRK33-Equation_ solve converged due to CONVERGED_ITS iterations 1
  step  25  picard  18 (res 9.92e-05)  newton FAILED  |u|max 2.18  dt 2.00e-03  Co 0.209  psi [-0.0100, +1.0122]  dV 2.00e-01  strain max 2.329
  0 SNES Function norm 5.163515590790e-01
  1 SNES Function norm 2.075278015339e-10
  0 SNES Function norm 3.793138236896e-01
  1 SNES Function norm 2.189201474617e-10
  0 SNES Function norm 3.084621940515e-01
  1 SNES Function norm 2.130281947742e-10
  0 SNES Function norm 2.442060991279e-01
  1 SNES Function norm 2.169519509034e-10
  0 SNES Function norm 1.979142228711e-01
  1 SNES Function norm 2.207236969292e-10
  0 SNES Function norm 1.676450457061e-01
  1 SNES Function norm 2.159189203696e-10
  0 SNES Function norm 1.449455406916e-01
  1 SNES Function norm 2.187884577354e-10
  0 SNES Function norm 1.270173990347e-01
  1 SNES Function norm 2.175680205876e-10
  0 SNES Function norm 1.129689720861e-01
  1 SNES Function norm 2.239633111508e-10
  0 SNES Function norm 1.016851203176e-01
  1 SNES Function norm 2.145352055936e-10
  0 SNES Function norm 9.222210925638e-02
  1 SNES Function norm 2.143230595486e-10
  0 SNES Function norm 8.424801660798e-02
  1 SNES Function norm 2.127731195489e-10
  0 SNES Function norm 7.731270690441e-02
  1 SNES Function norm 2.151417028536e-10
  0 SNES Function norm 7.113347586823e-02
  1 SNES Function norm 2.277106247824e-10
  0 SNES Function norm 6.569743114365e-02
  1 SNES Function norm 2.213784211528e-10
  0 SNES Function norm 6.097632555013e-02
  1 SNES Function norm 2.169037063825e-10
  0 SNES Function norm 5.644532859207e-02
  1 SNES Function norm 2.153377712788e-10
  0 SNES Function norm 5.230774741207e-02
  1 SNES Function norm 2.134955339564e-10
  0 SNES Function norm 4.866523452536e-02
  1 SNES Function norm 2.139732195906e-10
  0 SNES Function norm 4.509837509719e-02
  1 SNES Function norm 7.530336738972e-01
  2 SNES Function norm 2.163537060911e+00
  3 SNES Function norm 5.117406183130e+00
  4 SNES Function norm 1.757671964223e+01
  5 SNES Function norm 1.830833281778e+01
  6 SNES Function norm 1.733195116516e+01
  7 SNES Function norm 1.622847729206e+01
  8 SNES Function norm 1.484452367993e+01
  9 SNES Function norm 1.339483052288e+01
 10 SNES Function norm 1.212848442903e+01
 11 SNES Function norm 1.174854647279e+01
 12 SNES Function norm 1.134235421221e+01
 13 SNES Function norm 1.099666690867e+01
 14 SNES Function norm 1.051164367443e+01
 15 SNES Function norm 1.031349130161e+01
 16 SNES Function norm 1.018771264829e+01
 17 SNES Function norm 9.746897923230e+00
 18 SNES Function norm 9.696626863045e+00
 19 SNES Function norm 4.387993509590e+01
 20 SNES Function norm 4.453486188065e+01
 21 SNES Function norm 3.808011869437e+01
 22 SNES Function norm 3.863964490013e+01
 23 SNES Function norm 3.805061074396e+01
 24 SNES Function norm 3.522502095297e+01
 25 SNES Function norm 3.516453675179e+01
 26 SNES Function norm 1.014733343330e+02
 27 SNES Function norm 9.956553012205e+01
 28 SNES Function norm 8.187791632942e+01
 29 SNES Function norm 8.192488271689e+01
 30 SNES Function norm 7.936286703476e+01
 31 SNES Function norm 7.250279522614e+01
 32 SNES Function norm 7.092921169616e+01
 33 SNES Function norm 6.694799665888e+01
 34 SNES Function norm 6.633844936895e+01
 35 SNES Function norm 8.281067864254e+01
 36 SNES Function norm 7.283107130164e+01
 37 SNES Function norm 6.681116714146e+01
 38 SNES Function norm 6.256858260790e+01
 39 SNES Function norm 8.106127492730e+01
 40 SNES Function norm 7.415995050849e+01
 41 SNES Function norm 6.733502922082e+01
 42 SNES Function norm 8.615347043291e+01
 43 SNES Function norm 7.801123357987e+01
 44 SNES Function norm 7.051269055497e+01
 45 SNES Function norm 6.695035854190e+01
 46 SNES Function norm 6.223749146718e+01
 47 SNES Function norm 8.815062695648e+01
 48 SNES Function norm 8.068699420826e+01
 49 SNES Function norm 7.469502792139e+01
 50 SNES Function norm 7.360726879584e+01
 51 SNES Function norm 7.217656895589e+01
 52 SNES Function norm 6.845848871357e+01
 53 SNES Function norm 6.343373222355e+01
 54 SNES Function norm 6.244869362455e+01
 55 SNES Function norm 5.909487321133e+01
 56 SNES Function norm 5.770431568401e+01
 57 SNES Function norm 5.633232330492e+01
 58 SNES Function norm 5.424355249220e+01
 59 SNES Function norm 2.040979860778e+02
 60 SNES Function norm 1.799969964142e+02
 61 SNES Function norm 1.068783250455e+02
 62 SNES Function norm 8.886931045502e+01
 63 SNES Function norm 8.628151145657e+01
 64 SNES Function norm 8.611087005792e+01
 65 SNES Function norm 8.610715489242e+01
 66 SNES Function norm 8.610614254373e+01
 67 SNES Function norm 8.610586360470e+01
 68 SNES Function norm 8.610578668597e+01
 69 SNES Function norm 8.610576547007e+01
 70 SNES Function norm 8.610575961785e+01
 71 SNES Function norm 8.610575800355e+01
 72 SNES Function norm 8.610575755824e+01
 73 SNES Function norm 8.610575743540e+01
 74 SNES Function norm 8.610575740152e+01
 75 SNES Function norm 8.610575739218e+01
 76 SNES Function norm 8.610575738959e+01
 77 SNES Function norm 8.610575738888e+01
 78 SNES Function norm 8.610575738869e+01
 79 SNES Function norm 9.923550499277e+01
 80 SNES Function norm 8.380260745255e+01
 81 SNES Function norm 9.462536647889e+01
 82 SNES Function norm 7.838573443754e+01
 83 SNES Function norm 9.443741728914e+01
 84 SNES Function norm 7.828768834448e+01
 85 SNES Function norm 9.061389178640e+01
 86 SNES Function norm 7.706131066428e+01
 87 SNES Function norm 7.373516132928e+01
 88 SNES Function norm 7.105931116673e+01
 89 SNES Function norm 6.579276843283e+01
 90 SNES Function norm 5.793163238040e+01
 91 SNES Function norm 1.997443637688e+02
 92 SNES Function norm 1.370877089572e+02
 93 SNES Function norm 9.888262636623e+01
 94 SNES Function norm 8.938154539532e+01
 95 SNES Function norm 8.400235770574e+01
 96 SNES Function norm 8.084454081438e+01
 97 SNES Function norm 1.029221529607e+02
 98 SNES Function norm 8.378197347335e+01
 99 SNES Function norm 1.001536066106e+02
100 SNES Function norm 8.083074575747e+01
    Linear DIRK33-Equation_ solve converged due to CONVERGED_ITS iterations 1
    Linear DIRK33-Equation_ solve converged due to CONVERGED_ITS iterations 1
    Linear DIRK33-Equation_ solve converged due to CONVERGED_ITS iterations 1
  step  26  picard  19 (res 9.07e-05)  newton FAILED  |u|max 2.17  dt 2.00e-03  Co 0.208  psi [-0.0107, +1.0085]  dV 2.07e-01  strain max 2.299
  0 SNES Function norm 5.476287339058e-01
  1 SNES Function norm 2.256280049846e-10
  0 SNES Function norm 4.056746452092e-01
  1 SNES Function norm 2.131350113807e-10
  0 SNES Function norm 3.487525434021e-01
  1 SNES Function norm 2.149550629641e-10
  0 SNES Function norm 2.769576320807e-01
  1 SNES Function norm 2.140084902184e-10
  0 SNES Function norm 2.087619501401e-01
  1 SNES Function norm 2.183124411616e-10
  0 SNES Function norm 1.657940524866e-01
  1 SNES Function norm 2.219843085082e-10
  0 SNES Function norm 1.373303782724e-01
  1 SNES Function norm 2.160066006361e-10
  0 SNES Function norm 1.171510068377e-01
  1 SNES Function norm 2.142263596134e-10
  0 SNES Function norm 1.030784700443e-01
  1 SNES Function norm 2.203455029117e-10
  0 SNES Function norm 9.207258257433e-02
  1 SNES Function norm 2.249161672534e-10
  0 SNES Function norm 8.318899675144e-02
  1 SNES Function norm 2.181170105090e-10
  0 SNES Function norm 7.574738398751e-02
  1 SNES Function norm 2.210136121237e-10
  0 SNES Function norm 6.879923650512e-02
  1 SNES Function norm 2.177772668090e-10
  0 SNES Function norm 6.339027020257e-02
  1 SNES Function norm 2.249229178498e-10
  0 SNES Function norm 5.877934184611e-02
  1 SNES Function norm 2.257473307962e-10
  0 SNES Function norm 5.428310679188e-02
  1 SNES Function norm 2.237614473263e-10
  0 SNES Function norm 5.002737618671e-02
  1 SNES Function norm 2.162930967306e-10
  0 SNES Function norm 4.620833537989e-02
  1 SNES Function norm 2.220630898316e-10
  0 SNES Function norm 4.313392226682e-02
  1 SNES Function norm 5.372295987179e-02
  2 SNES Function norm 4.811038723050e-02
  3 SNES Function norm 4.595139000092e-02
  4 SNES Function norm 4.531673964715e-02
  5 SNES Function norm 4.248348686020e-01
  6 SNES Function norm 1.774667994919e+00
  7 SNES Function norm 3.289711170066e+00
  8 SNES Function norm 9.486615173698e+00
  9 SNES Function norm 1.938333253577e+01
 10 SNES Function norm 1.926844888958e+01
 11 SNES Function norm 1.981280408471e+01
 12 SNES Function norm 1.911224007501e+01
 13 SNES Function norm 1.829594621950e+01
 14 SNES Function norm 1.733756449893e+01
 15 SNES Function norm 1.698562144822e+01
 16 SNES Function norm 1.688968166404e+01
 17 SNES Function norm 1.690745209276e+01
 18 SNES Function norm 1.702174094586e+01
 19 SNES Function norm 1.786865527913e+01
 20 SNES Function norm 1.734228125913e+01
 21 SNES Function norm 1.755879229600e+01
 22 SNES Function norm 1.718878065304e+01
 23 SNES Function norm 1.666260455283e+01
 24 SNES Function norm 1.594217680191e+01
 25 SNES Function norm 1.564999507670e+01
 26 SNES Function norm 1.548340576334e+01
 27 SNES Function norm 1.473125936363e+01
 28 SNES Function norm 1.892014608609e+02
 29 SNES Function norm 7.935197428768e+01
 30 SNES Function norm 2.154714078278e+02
 31 SNES Function norm 1.413958618414e+02
 32 SNES Function norm 8.510217923569e+01
 33 SNES Function norm 6.399088507855e+01
 34 SNES Function norm 6.378445366323e+01
 35 SNES Function norm 6.032539582750e+01
 36 SNES Function norm 5.471637430349e+01
 37 SNES Function norm 5.101624143839e+01
 38 SNES Function norm 4.843628215864e+01
 39 SNES Function norm 4.683757035330e+01
 40 SNES Function norm 4.463142456649e+01
 41 SNES Function norm 4.410090175160e+01
 42 SNES Function norm 9.966685350370e+01
 43 SNES Function norm 1.017017576126e+02
 44 SNES Function norm 9.093277595343e+01
 45 SNES Function norm 8.571151915747e+01
 46 SNES Function norm 7.818546117690e+01
 47 SNES Function norm 7.275067740451e+01
 48 SNES Function norm 7.054662809371e+01
 49 SNES Function norm 6.689720289366e+01
 50 SNES Function norm 8.416301256447e+01
 51 SNES Function norm 7.481422468772e+01
 52 SNES Function norm 6.671947395730e+01
 53 SNES Function norm 6.134112124673e+01
 54 SNES Function norm 8.355562863794e+01
 55 SNES Function norm 7.592299744074e+01
 56 SNES Function norm 7.080448623051e+01
 57 SNES Function norm 6.725123053966e+01
 58 SNES Function norm 6.486510078380e+01
 59 SNES Function norm 6.130756621430e+01
 60 SNES Function norm 5.884110348995e+01
 61 SNES Function norm 2.855460248437e+02
 62 SNES Function norm 2.432932816831e+02
 63 SNES Function norm 1.200425327043e+02
 64 SNES Function norm 9.297427498516e+01
 65 SNES Function norm 8.685218775866e+01
 66 SNES Function norm 8.637987167443e+01
 67 SNES Function norm 8.597327006350e+01
 68 SNES Function norm 8.557467016045e+01
 69 SNES Function norm 8.507868759291e+01
 70 SNES Function norm 8.436543308785e+01
 71 SNES Function norm 8.286845348482e+01
 72 SNES Function norm 7.663412021124e+01
 73 SNES Function norm 6.981540032223e+01
 74 SNES Function norm 6.493226359236e+01
 75 SNES Function norm 6.049235798854e+01
 76 SNES Function norm 2.727717216611e+02
 77 SNES Function norm 1.470736122870e+02
 78 SNES Function norm 1.049236889296e+02
 79 SNES Function norm 9.095574724366e+01
 80 SNES Function norm 8.626541221264e+01
 81 SNES Function norm 7.880013862004e+01
 82 SNES Function norm 7.457462516101e+01
 83 SNES Function norm 6.677551525861e+01
 84 SNES Function norm 6.267719153736e+01
 85 SNES Function norm 8.968144451869e+01
 86 SNES Function norm 8.345223072320e+01
 87 SNES Function norm 7.868407555191e+01
 88 SNES Function norm 7.797274665304e+01
 89 SNES Function norm 7.721551557460e+01
 90 SNES Function norm 7.625504241061e+01
 91 SNES Function norm 7.379222329452e+01
 92 SNES Function norm 7.069679172819e+01
 93 SNES Function norm 6.936229120471e+01
 94 SNES Function norm 6.852624301813e+01
 95 SNES Function norm 6.552831903036e+01
 96 SNES Function norm 6.236445032585e+01
 97 SNES Function norm 1.395644943827e+03
    Linear DIRK33-Equation_ solve converged due to CONVERGED_ITS iterations 1
    Linear DIRK33-Equation_ solve converged due to CONVERGED_ITS iterations 1
    Linear DIRK33-Equation_ solve converged due to CONVERGED_ITS iterations 1
  step  27  picard  18 (res 9.88e-05)  newton FAILED  |u|max 2.16  dt 2.00e-03  Co 0.208  psi [-0.0113, +1.0095]  dV 2.14e-01  strain max 2.285
  0 SNES Function norm 5.877321921146e-01
  1 SNES Function norm 2.153077921248e-10
  0 SNES Function norm 4.853464370702e-01
  1 SNES Function norm 2.276804748824e-10
  0 SNES Function norm 4.441129329710e-01
  1 SNES Function norm 2.215499237265e-10
  0 SNES Function norm 3.573564813046e-01
  1 SNES Function norm 2.254481908939e-10
  0 SNES Function norm 2.670920751353e-01
  1 SNES Function norm 2.256953248493e-10
  0 SNES Function norm 2.049988678022e-01
  1 SNES Function norm 2.294352614186e-10
  0 SNES Function norm 1.602339633902e-01
  1 SNES Function norm 2.211667509008e-10
  0 SNES Function norm 1.346557740933e-01
  1 SNES Function norm 2.093982246689e-10
  0 SNES Function norm 1.155519097296e-01
  1 SNES Function norm 2.210771758111e-10
  0 SNES Function norm 1.009539015117e-01
  1 SNES Function norm 2.286994284884e-10
  0 SNES Function norm 9.046823751701e-02
  1 SNES Function norm 2.159742656471e-10
  0 SNES Function norm 8.196487209681e-02
  1 SNES Function norm 2.222899709121e-10
  0 SNES Function norm 7.461704269691e-02
  1 SNES Function norm 2.265634823984e-10
  0 SNES Function norm 6.800886835015e-02
  1 SNES Function norm 2.220825666776e-10
  0 SNES Function norm 6.211308527967e-02
  1 SNES Function norm 2.121949173385e-10
  0 SNES Function norm 5.739024675460e-02
  1 SNES Function norm 2.177683578180e-10
  0 SNES Function norm 5.334037700202e-02
  1 SNES Function norm 2.154403531413e-10
  0 SNES Function norm 4.973432967026e-02
  1 SNES Function norm 2.220261950835e-10
  0 SNES Function norm 4.649200685582e-02
  1 SNES Function norm 2.293818267042e-10
  0 SNES Function norm 4.361511793097e-02
  1 SNES Function norm 8.349126692089e-01
  2 SNES Function norm 2.276506268976e+00
  3 SNES Function norm 5.705352598248e+00
  4 SNES Function norm 1.400666133844e+01
  5 SNES Function norm 1.392776894863e+01
  6 SNES Function norm 1.381808812248e+01
  7 SNES Function norm 1.351156556612e+01
  8 SNES Function norm 1.271824517427e+01
  9 SNES Function norm 1.191188568515e+01
 10 SNES Function norm 1.192686512520e+01
 11 SNES Function norm 1.051348932108e+01
 12 SNES Function norm 1.067112962056e+01
 13 SNES Function norm 1.015413909690e+01
 14 SNES Function norm 1.009712623758e+01
 15 SNES Function norm 1.743061193003e+01
 16 SNES Function norm 1.625083655973e+01
 17 SNES Function norm 1.387539353302e+01
 18 SNES Function norm 1.289687645021e+01
 19 SNES Function norm 1.209027605915e+01
 20 SNES Function norm 1.189167669833e+01
 21 SNES Function norm 1.120163568058e+01
 22 SNES Function norm 1.067095224460e+01
 23 SNES Function norm 2.519213890624e+01
 24 SNES Function norm 2.518738636655e+01
 25 SNES Function norm 2.386276134682e+01
 26 SNES Function norm 2.314395860644e+01
 27 SNES Function norm 2.240176073118e+01
 28 SNES Function norm 2.113166745448e+01
 29 SNES Function norm 2.098779392228e+01
 30 SNES Function norm 2.030561093334e+01
 31 SNES Function norm 1.821652666810e+01
 32 SNES Function norm 3.949745575933e+01
 33 SNES Function norm 3.983561008885e+01
 34 SNES Function norm 3.863304334961e+01
 35 SNES Function norm 3.507044327286e+01
 36 SNES Function norm 3.692718326813e+01
 37 SNES Function norm 3.367353394769e+01
 38 SNES Function norm 3.458544167714e+01
 39 SNES Function norm 3.142840343739e+01
 40 SNES Function norm 1.259490149694e+03
    Linear DIRK33-Equation_ solve converged due to CONVERGED_ITS iterations 1
    Linear DIRK33-Equation_ solve converged due to CONVERGED_ITS iterations 1
    Linear DIRK33-Equation_ solve converged due to CONVERGED_ITS iterations 1
  step  28  picard  19 (res 9.44e-05)  newton FAILED  |u|max 2.15  dt 2.00e-03  Co 0.207  psi [-0.0116, +1.0099]  dV 2.21e-01  strain max 2.321
  0 SNES Function norm 9.319168094244e-01
  1 SNES Function norm 2.097702043121e-10
  0 SNES Function norm 7.016195452398e-01
  1 SNES Function norm 2.310507178969e-10
  0 SNES Function norm 6.060365960577e-01
  1 SNES Function norm 2.241849505519e-10
  0 SNES Function norm 4.620119537984e-01
  1 SNES Function norm 2.292235012243e-10
  0 SNES Function norm 3.170318084163e-01
  1 SNES Function norm 2.277714677673e-10
  0 SNES Function norm 2.376037514284e-01
  1 SNES Function norm 2.205431272703e-10
  0 SNES Function norm 1.851435886346e-01
  1 SNES Function norm 2.344120606056e-10
  0 SNES Function norm 1.509768383162e-01
  1 SNES Function norm 2.226701558212e-10
  0 SNES Function norm 1.281911252622e-01
  1 SNES Function norm 2.284618071742e-10
  0 SNES Function norm 1.113218476423e-01
  1 SNES Function norm 2.305371525089e-10
  0 SNES Function norm 9.910863070997e-02
  1 SNES Function norm 2.185670542580e-10
  0 SNES Function norm 8.936243606105e-02
  1 SNES Function norm 2.299401914611e-10
  0 SNES Function norm 8.138694784363e-02
  1 SNES Function norm 2.325250422934e-10
  0 SNES Function norm 7.443647478979e-02
  1 SNES Function norm 2.232602223648e-10
  0 SNES Function norm 6.849793546878e-02
  1 SNES Function norm 2.214739536139e-10
  0 SNES Function norm 6.332187564894e-02
  1 SNES Function norm 2.273913442074e-10
  0 SNES Function norm 5.880168098115e-02
  1 SNES Function norm 2.165410245843e-10
  0 SNES Function norm 5.492086279714e-02
  1 SNES Function norm 2.325555171047e-10
  0 SNES Function norm 5.082884752290e-02
  1 SNES Function norm 2.355224643413e-10
  0 SNES Function norm 4.611674644884e-02
  1 SNES Function norm 1.055526394998e+00
  2 SNES Function norm 2.572703562354e+00
  3 SNES Function norm 6.461250859511e+00
  4 SNES Function norm 7.073969073312e+00
  5 SNES Function norm 6.521479738036e+00
  6 SNES Function norm 6.992150694722e+00
  7 SNES Function norm 6.312364745505e+00
  8 SNES Function norm 6.380659601531e+00
  9 SNES Function norm 6.379727836708e+00
 10 SNES Function norm 6.377523823317e+00
 11 SNES Function norm 6.367058176494e+00
 12 SNES Function norm 1.401920346236e+01
 13 SNES Function norm 1.336588749231e+01
 14 SNES Function norm 1.097891273256e+01
 15 SNES Function norm 1.104988469351e+01
 16 SNES Function norm 1.041115526983e+01
 17 SNES Function norm 1.019381868895e+01
 18 SNES Function norm 9.916659103535e+00
 19 SNES Function norm 9.753432476656e+00
 20 SNES Function norm 9.396148707225e+00
 21 SNES Function norm 9.252961692139e+00
 22 SNES Function norm 9.298956153622e+00
 23 SNES Function norm 9.069418079903e+00
 24 SNES Function norm 9.022095198728e+00
 25 SNES Function norm 8.899666851714e+00
 26 SNES Function norm 8.848238241011e+00
 27 SNES Function norm 8.809518720880e+00
 28 SNES Function norm 2.517076053761e+01
 29 SNES Function norm 2.127518830709e+01
 30 SNES Function norm 1.797049133078e+01
 31 SNES Function norm 1.669714624082e+01
 32 SNES Function norm 1.439240994727e+01
 33 SNES Function norm 1.337700337227e+01
 34 SNES Function norm 1.249337328398e+01
 35 SNES Function norm 1.210835134725e+01
 36 SNES Function norm 1.138966001075e+01
 37 SNES Function norm 1.079409391080e+01
 38 SNES Function norm 4.747520626820e+01
 39 SNES Function norm 4.651976661742e+01
 40 SNES Function norm 4.003923115760e+01
 41 SNES Function norm 4.100521279862e+01
 42 SNES Function norm 3.908019578109e+01
 43 SNES Function norm 3.827813549279e+01
 44 SNES Function norm 3.739725043224e+01
 45 SNES Function norm 3.674079548726e+01
 46 SNES Function norm 3.615520320445e+01
 47 SNES Function norm 3.596742918150e+01
 48 SNES Function norm 3.531745753641e+01
 49 SNES Function norm 3.613474040481e+01
 50 SNES Function norm 3.503883738108e+01
 51 SNES Function norm 3.507681109646e+01
 52 SNES Function norm 3.488562034950e+01
 53 SNES Function norm 3.490553476304e+01
 54 SNES Function norm 3.456622630104e+01
 55 SNES Function norm 3.378424510132e+01
 56 SNES Function norm 3.374736163982e+01
 57 SNES Function norm 3.245535518040e+01
 58 SNES Function norm 3.248365168646e+01
 59 SNES Function norm 3.108459121025e+01
 60 SNES Function norm 3.072315280220e+01
 61 SNES Function norm 3.012872494153e+01
 62 SNES Function norm 2.970032616915e+01
 63 SNES Function norm 2.939162307672e+01
 64 SNES Function norm 2.930127339484e+01
 65 SNES Function norm 2.927451324399e+01
 66 SNES Function norm 2.910748333548e+01
 67 SNES Function norm 2.993185079603e+01
 68 SNES Function norm 2.973099781182e+01
 69 SNES Function norm 2.906172065317e+01
 70 SNES Function norm 2.839255245406e+01
 71 SNES Function norm 2.842693940575e+01
 72 SNES Function norm 2.839043949361e+01
 73 SNES Function norm 2.721128145833e+01
 74 SNES Function norm 6.996584728873e+01
 75 SNES Function norm 6.276515165817e+01
 76 SNES Function norm 5.000292930765e+01
 77 SNES Function norm 4.931196324974e+01
 78 SNES Function norm 4.572563076063e+01
 79 SNES Function norm 7.179139005415e+01
 80 SNES Function norm 6.275474670003e+01
 81 SNES Function norm 5.677199831701e+01
 82 SNES Function norm 5.515738165423e+01
 83 SNES Function norm 5.243856109125e+01
 84 SNES Function norm 5.282143768513e+01
 85 SNES Function norm 5.063477970703e+01
 86 SNES Function norm 5.056799034385e+01
 87 SNES Function norm 4.958852623860e+01
 88 SNES Function norm 4.778153118748e+01
 89 SNES Function norm 1.808248195065e+03
    Linear DIRK33-Equation_ solve converged due to CONVERGED_ITS iterations 1
    Linear DIRK33-Equation_ solve converged due to CONVERGED_ITS iterations 1
    Linear DIRK33-Equation_ solve converged due to CONVERGED_ITS iterations 1
  step  29  picard  19 (res 9.25e-05)  newton FAILED  |u|max 2.14  dt 2.00e-03  Co 0.206  psi [-0.0124, +1.0123]  dV 2.28e-01  strain max 2.351
  0 SNES Function norm 1.022466477556e+00
  1 SNES Function norm 2.244169826557e-10
  0 SNES Function norm 6.480510113550e-01
  1 SNES Function norm 2.220817760046e-10
  0 SNES Function norm 5.285327879061e-01
  1 SNES Function norm 2.282684164481e-10
  0 SNES Function norm 3.860412180704e-01
  1 SNES Function norm 2.299019617952e-10
  0 SNES Function norm 2.607385258951e-01
  1 SNES Function norm 2.320464464516e-10
  0 SNES Function norm 1.902393523046e-01
  1 SNES Function norm 2.332200042654e-10
  0 SNES Function norm 1.481745923684e-01
  1 SNES Function norm 2.293847676481e-10
  0 SNES Function norm 1.190212932515e-01
  1 SNES Function norm 2.381024758061e-10
  0 SNES Function norm 1.000409507074e-01
  1 SNES Function norm 2.334716676945e-10
  0 SNES Function norm 8.658384097119e-02
  1 SNES Function norm 2.389505869102e-10
  0 SNES Function norm 7.650603131117e-02
  1 SNES Function norm 2.342550294082e-10
  0 SNES Function norm 6.850324428031e-02
  1 SNES Function norm 2.253937679419e-10
  0 SNES Function norm 6.215583279841e-02
  1 SNES Function norm 2.314908735667e-10
  0 SNES Function norm 5.694436750502e-02
  1 SNES Function norm 2.268345411060e-10
  0 SNES Function norm 5.239214023744e-02
  1 SNES Function norm 2.333176905162e-10
  0 SNES Function norm 4.845403422606e-02
  1 SNES Function norm 2.287590364088e-10
  0 SNES Function norm 4.492225258471e-02
  1 SNES Function norm 2.351378226185e-10
  0 SNES Function norm 4.173755446517e-02
  1 SNES Function norm 2.317526392284e-10
  0 SNES Function norm 3.888438353035e-02
  1 SNES Function norm 1.627415091483e+00
  2 SNES Function norm 3.378245682917e+00
  3 SNES Function norm 7.461254564944e+00
  4 SNES Function norm 1.344290050223e+01
  5 SNES Function norm 1.347344334447e+01
  6 SNES Function norm 1.184512009413e+01
  7 SNES Function norm 1.159402795493e+01
  8 SNES Function norm 1.065943644282e+01
  9 SNES Function norm 1.042018333229e+01
 10 SNES Function norm 1.022232008359e+01
 11 SNES Function norm 1.002789513482e+01
 12 SNES Function norm 9.840943662544e+00
 13 SNES Function norm 9.524873452810e+00
 14 SNES Function norm 9.555669127504e+00
 15 SNES Function norm 9.051012627410e+00
 16 SNES Function norm 9.045846996588e+00
 17 SNES Function norm 9.043792938690e+00
 18 SNES Function norm 9.035942499238e+00
 19 SNES Function norm 1.342010780391e+01
 20 SNES Function norm 1.256982013338e+01
 21 SNES Function norm 1.104009455803e+01
 22 SNES Function norm 1.100743603714e+01
 23 SNES Function norm 1.373666823721e+01
 24 SNES Function norm 1.204678423507e+01
 25 SNES Function norm 1.449306786012e+01
 26 SNES Function norm 1.249746535306e+01
 27 SNES Function norm 1.147985534426e+01
 28 SNES Function norm 1.126381137398e+01
 29 SNES Function norm 1.120187507055e+01
 30 SNES Function norm 1.116696206419e+01
 31 SNES Function norm 1.115869936229e+01
 32 SNES Function norm 1.115563927506e+01
 33 SNES Function norm 1.115401539336e+01
 34 SNES Function norm 1.115338410861e+01
 35 SNES Function norm 1.115313538834e+01
 36 SNES Function norm 1.115303682267e+01
 37 SNES Function norm 1.115299766824e+01
 38 SNES Function norm 1.115298210007e+01
 39 SNES Function norm 1.115297590775e+01
 40 SNES Function norm 1.115297344436e+01
 41 SNES Function norm 1.115297246433e+01
 42 SNES Function norm 1.115297207443e+01
 43 SNES Function norm 1.115297191930e+01
 44 SNES Function norm 1.115297185759e+01
 45 SNES Function norm 1.115297183304e+01
 46 SNES Function norm 1.115297182327e+01
 47 SNES Function norm 1.115297181938e+01
 48 SNES Function norm 1.115297181784e+01
 49 SNES Function norm 1.115297181722e+01
 50 SNES Function norm 1.115297181697e+01
 51 SNES Function norm 1.115297181688e+01
 52 SNES Function norm 1.115297181684e+01
 53 SNES Function norm 1.115297181682e+01
 54 SNES Function norm 1.308478621547e+01
 55 SNES Function norm 1.187721350713e+01
 56 SNES Function norm 1.158119492768e+01
 57 SNES Function norm 1.523510824600e+01
 58 SNES Function norm 1.332611387046e+01
 59 SNES Function norm 1.558852753115e+01
 60 SNES Function norm 1.309935260022e+01
 61 SNES Function norm 1.579484644211e+01
 62 SNES Function norm 1.340897531404e+01
 63 SNES Function norm 1.274940110918e+01
 64 SNES Function norm 1.256226907530e+01
 65 SNES Function norm 1.255740633774e+01
 66 SNES Function norm 1.255061115757e+01
 67 SNES Function norm 1.439968534169e+01
 68 SNES Function norm 1.313926701548e+01
 69 SNES Function norm 1.616452025260e+01
 70 SNES Function norm 1.366911863243e+01
 71 SNES Function norm 1.316246522333e+01
 72 SNES Function norm 1.304742066724e+01
 73 SNES Function norm 1.298730110683e+01
 74 SNES Function norm 1.466580137242e+01
 75 SNES Function norm 1.353191168153e+01
 76 SNES Function norm 1.257649792351e+01
 77 SNES Function norm 1.226380176059e+01
 78 SNES Function norm 1.594867935634e+01
 79 SNES Function norm 1.403719656497e+01
 80 SNES Function norm 1.294564473691e+01
 81 SNES Function norm 1.294167648026e+01
 82 SNES Function norm 1.294001324659e+01
 83 SNES Function norm 1.293952169999e+01
 84 SNES Function norm 1.293940688806e+01
 85 SNES Function norm 1.293938051373e+01
 86 SNES Function norm 1.293910172758e+01
 87 SNES Function norm 1.293903776225e+01
 88 SNES Function norm 1.293902321609e+01
 89 SNES Function norm 1.293901991503e+01
 90 SNES Function norm 1.293901916623e+01
 91 SNES Function norm 1.293901899638e+01
 92 SNES Function norm 1.293901895788e+01
 93 SNES Function norm 1.293901894911e+01
 94 SNES Function norm 1.293901894714e+01
 95 SNES Function norm 1.293901894668e+01
 96 SNES Function norm 1.293901894658e+01
 97 SNES Function norm 1.293901894656e+01
 98 SNES Function norm 1.655782640825e+01
 99 SNES Function norm 1.520708090098e+01
100 SNES Function norm 1.411242092115e+01
    Linear DIRK33-Equation_ solve converged due to CONVERGED_ITS iterations 1
    Linear DIRK33-Equation_ solve converged due to CONVERGED_ITS iterations 1
    Linear DIRK33-Equation_ solve converged due to CONVERGED_ITS iterations 1
  step  30  picard  18 (res 9.30e-05)  newton FAILED  |u|max 2.14  dt 2.00e-03  Co 0.205  psi [-0.0137, +1.0136]  dV 2.35e-01  strain max 2.378
  0 SNES Function norm 8.870763118098e-01
  1 SNES Function norm 2.336617849050e-10
  0 SNES Function norm 5.200637767167e-01
  1 SNES Function norm 2.218302807835e-10
  0 SNES Function norm 3.891361828777e-01
  1 SNES Function norm 2.303100802895e-10
  0 SNES Function norm 3.071933390955e-01
  1 SNES Function norm 2.376550609898e-10
  0 SNES Function norm 2.458664496538e-01
  1 SNES Function norm 2.368553708001e-10
  0 SNES Function norm 1.995965560301e-01
  1 SNES Function norm 2.277894423693e-10
  0 SNES Function norm 1.651816247792e-01
  1 SNES Function norm 2.283689706877e-10
  0 SNES Function norm 1.401921757390e-01
  1 SNES Function norm 2.307319117510e-10
  0 SNES Function norm 1.212342732886e-01
  1 SNES Function norm 2.429187853492e-10
  0 SNES Function norm 1.064808448081e-01
  1 SNES Function norm 2.412637599667e-10
  0 SNES Function norm 9.480424078786e-02
  1 SNES Function norm 2.334743497341e-10
  0 SNES Function norm 8.537676696401e-02
  1 SNES Function norm 2.348066105841e-10
  0 SNES Function norm 7.762263173118e-02
  1 SNES Function norm 2.336369672567e-10
  0 SNES Function norm 7.115599033956e-02
  1 SNES Function norm 2.365316014506e-10
  0 SNES Function norm 6.566117081865e-02
  1 SNES Function norm 2.254471810307e-10
  0 SNES Function norm 6.103928633612e-02
  1 SNES Function norm 2.311030241192e-10
  0 SNES Function norm 5.701977362159e-02
  1 SNES Function norm 2.253977485264e-10
  0 SNES Function norm 5.345622638445e-02
  1 SNES Function norm 2.328363166049e-10
  0 SNES Function norm 5.021846146658e-02
  1 SNES Function norm 2.332017427243e-10
  0 SNES Function norm 4.732948959243e-02
  1 SNES Function norm 2.306881507719e-10
  0 SNES Function norm 4.471186389666e-02
  1 SNES Function norm 2.356937946749e-10
  0 SNES Function norm 4.237485602436e-02
  1 SNES Function norm 2.233313668389e-10
  0 SNES Function norm 4.033037885636e-02
  1 SNES Function norm 2.415377386431e-10
  0 SNES Function norm 3.848411551370e-02
  1 SNES Function norm 2.258185993042e-10
  0 SNES Function norm 3.679085949270e-02
  1 SNES Function norm 1.459318920151e+00
  2 SNES Function norm 3.622709665924e+00
  3 SNES Function norm 7.221548022077e+00
  4 SNES Function norm 1.355021930176e+01
  5 SNES Function norm 1.351077316823e+01
  6 SNES Function norm 1.280631146685e+01
  7 SNES Function norm 1.133779802734e+01
  8 SNES Function norm 1.104776341353e+01
  9 SNES Function norm 1.051359425759e+01
 10 SNES Function norm 1.048203049718e+01
 11 SNES Function norm 1.045781463028e+01
 12 SNES Function norm 1.044722766649e+01
 13 SNES Function norm 1.044127320307e+01
 14 SNES Function norm 1.043709063662e+01
 15 SNES Function norm 1.043687141137e+01
 16 SNES Function norm 1.043686335582e+01
 17 SNES Function norm 1.043686304863e+01
 18 SNES Function norm 1.043686303692e+01
 19 SNES Function norm 1.043686303647e+01
 20 SNES Function norm 1.043686303645e+01
 21 SNES Function norm 1.444749141802e+01
 22 SNES Function norm 1.285876128063e+01
 23 SNES Function norm 1.140594387186e+01
 24 SNES Function norm 1.074812387173e+01
 25 SNES Function norm 1.018656729378e+01
 26 SNES Function norm 9.951758899753e+00
 27 SNES Function norm 9.692570312700e+00
 28 SNES Function norm 9.382074365048e+00
 29 SNES Function norm 9.363825908752e+00
 30 SNES Function norm 3.462494878239e+01
 31 SNES Function norm 2.426305876893e+01
 32 SNES Function norm 2.321013058817e+01
 33 SNES Function norm 2.274272818447e+01
 34 SNES Function norm 2.183755743101e+01
 35 SNES Function norm 2.159627768478e+01
 36 SNES Function norm 2.169245345170e+01
 37 SNES Function norm 1.970329129316e+01
 38 SNES Function norm 1.874341889964e+01
 39 SNES Function norm 1.792883847145e+01
 40 SNES Function norm 1.730960791893e+01
 41 SNES Function norm 1.657737927420e+01
 42 SNES Function norm 1.560557028068e+01
 43 SNES Function norm 1.467547828735e+01
 44 SNES Function norm 1.481933558223e+01
 45 SNES Function norm 1.437981815293e+01
 46 SNES Function norm 1.370518992559e+01
 47 SNES Function norm 1.365189480397e+01
 48 SNES Function norm 1.394451580533e+01
 49 SNES Function norm 1.367851776579e+01
 50 SNES Function norm 1.469012220403e+01
 51 SNES Function norm 1.631301600347e+01
 52 SNES Function norm 2.361145793337e+01
 53 SNES Function norm 2.275836390660e+01
 54 SNES Function norm 2.203523045101e+01
 55 SNES Function norm 2.152336063743e+01
 56 SNES Function norm 2.076285582967e+01
 57 SNES Function norm 2.074761005363e+01
 58 SNES Function norm 2.091869367965e+01
 59 SNES Function norm 2.014281439526e+01
 60 SNES Function norm 2.032167144389e+01
 61 SNES Function norm 1.970519288556e+01
 62 SNES Function norm 4.803263426850e+01
 63 SNES Function norm 3.822798968886e+01
 64 SNES Function norm 3.507902290003e+01
 65 SNES Function norm 3.406304224983e+01
 66 SNES Function norm 3.221757336651e+01
 67 SNES Function norm 3.178774755520e+01
 68 SNES Function norm 3.114095076730e+01
 69 SNES Function norm 3.087704635478e+01
 70 SNES Function norm 3.035399348969e+01
 71 SNES Function norm 2.982288352957e+01
 72 SNES Function norm 2.922093094628e+01
 73 SNES Function norm 2.892479890489e+01
 74 SNES Function norm 2.792783643099e+01
 75 SNES Function norm 2.787636136721e+01
 76 SNES Function norm 2.786093729041e+01
 77 SNES Function norm 1.181207794687e+02
 78 SNES Function norm 6.598629237012e+01
 79 SNES Function norm 5.891854061246e+01
 80 SNES Function norm 5.697155511618e+01
 81 SNES Function norm 5.446893463639e+01
 82 SNES Function norm 5.254838720983e+01
 83 SNES Function norm 5.117203569813e+01
 84 SNES Function norm 2.622323567630e+02
 85 SNES Function norm 1.350343108584e+02
 86 SNES Function norm 9.748792766452e+01
 87 SNES Function norm 8.312130338099e+01
 88 SNES Function norm 3.261431118594e+02
 89 SNES Function norm 1.321803808725e+02
 90 SNES Function norm 8.923857474217e+01
 91 SNES Function norm 8.727542664989e+01
 92 SNES Function norm 1.041660048718e+02
 93 SNES Function norm 8.579959012083e+01
 94 SNES Function norm 1.012394307346e+02
 95 SNES Function norm 8.316064474316e+01
 96 SNES Function norm 9.692897737114e+01
 97 SNES Function norm 8.082891749224e+01
 98 SNES Function norm 7.850304978483e+01
 99 SNES Function norm 7.545974584268e+01
100 SNES Function norm 6.640599193286e+01
    Linear DIRK33-Equation_ solve converged due to CONVERGED_ITS iterations 1
    Linear DIRK33-Equation_ solve converged due to CONVERGED_ITS iterations 1
    Linear DIRK33-Equation_ solve converged due to CONVERGED_ITS iterations 1
  step  31  picard  24 (res 9.16e-05)  newton FAILED  |u|max 2.13  dt 2.00e-03  Co 0.205  psi [-0.0149, +1.0135]  dV 2.42e-01  strain max 2.402
  0 SNES Function norm 8.584476872908e-01
  1 SNES Function norm 2.320774504024e-10
  0 SNES Function norm 5.025998802011e-01
  1 SNES Function norm 2.296761543601e-10
  0 SNES Function norm 3.530576175140e-01
  1 SNES Function norm 2.430344437140e-10
  0 SNES Function norm 2.662759577582e-01
  1 SNES Function norm 2.300771364272e-10
  0 SNES Function norm 2.011399441179e-01
  1 SNES Function norm 2.339819799906e-10
  0 SNES Function norm 1.547336667356e-01
  1 SNES Function norm 2.223597058421e-10
  0 SNES Function norm 1.263218325650e-01
  1 SNES Function norm 2.301381151401e-10
  0 SNES Function norm 1.057478122367e-01
  1 SNES Function norm 2.287295822788e-10
  0 SNES Function norm 9.080342958602e-02
  1 SNES Function norm 2.423224086543e-10
  0 SNES Function norm 7.953133213335e-02
  1 SNES Function norm 2.277287889312e-10
  0 SNES Function norm 7.003628438339e-02
  1 SNES Function norm 2.293327455122e-10
  0 SNES Function norm 6.263645708982e-02
  1 SNES Function norm 2.312196368960e-10
  0 SNES Function norm 5.660753084575e-02
  1 SNES Function norm 2.270305817823e-10
  0 SNES Function norm 5.158782340476e-02
  1 SNES Function norm 2.482864145162e-10
  0 SNES Function norm 4.740304827572e-02
  1 SNES Function norm 2.483483679104e-10
  0 SNES Function norm 4.388243247367e-02
  1 SNES Function norm 2.396602656652e-10
  0 SNES Function norm 4.088494938979e-02
  1 SNES Function norm 2.313759018626e-10
  0 SNES Function norm 3.796865673965e-02
  1 SNES Function norm 5.629117879414e-01
  2 SNES Function norm 5.082797213864e-01
  3 SNES Function norm 3.547133892296e-01
  4 SNES Function norm 1.380823131656e+00
  5 SNES Function norm 2.811570319147e+00
  6 SNES Function norm 8.653491347810e+00
  7 SNES Function norm 7.684221146272e+00
  8 SNES Function norm 6.737957653513e+00
  9 SNES Function norm 6.905070054596e+00
 10 SNES Function norm 6.549355575720e+00
 11 SNES Function norm 6.783960544796e+00
 12 SNES Function norm 6.431678836641e+00
 13 SNES Function norm 6.411537749538e+00
 14 SNES Function norm 6.169795437408e+00
 15 SNES Function norm 6.115028762161e+00
 16 SNES Function norm 6.033568779017e+00
 17 SNES Function norm 6.017226381169e+00
 18 SNES Function norm 5.985057092792e+00
 19 SNES Function norm 5.951989495231e+00
 20 SNES Function norm 5.938889867657e+00
 21 SNES Function norm 5.938433558755e+00
 22 SNES Function norm 1.615145379897e+01
 23 SNES Function norm 1.163387273154e+01
 24 SNES Function norm 9.446788691719e+00
 25 SNES Function norm 8.913687918555e+00
 26 SNES Function norm 1.066005425046e+01
 27 SNES Function norm 8.990816128515e+00
 28 SNES Function norm 1.120846270287e+01
 29 SNES Function norm 9.284354338299e+00
 30 SNES Function norm 1.094712418337e+01
 31 SNES Function norm 9.567091474371e+00
 32 SNES Function norm 1.219827713923e+01
 33 SNES Function norm 1.080453615063e+01
 34 SNES Function norm 9.802891413604e+00
 35 SNES Function norm 9.626337928013e+00
 36 SNES Function norm 9.298760005557e+00
 37 SNES Function norm 9.208832737140e+00
 38 SNES Function norm 9.172228715518e+00
 39 SNES Function norm 1.722568213909e+01
 40 SNES Function norm 1.498217485201e+01
 41 SNES Function norm 1.339111251112e+01
 42 SNES Function norm 1.291171031085e+01
 43 SNES Function norm 1.214434149063e+01
 44 SNES Function norm 1.147281388600e+01
 45 SNES Function norm 1.113236149070e+01
 46 SNES Function norm 1.535870129891e+01
 47 SNES Function norm 1.338818095934e+01
 48 SNES Function norm 1.247042389386e+01
 49 SNES Function norm 1.191436948022e+01
 50 SNES Function norm 1.118710385460e+01
 51 SNES Function norm 1.070569015879e+01
 52 SNES Function norm 2.145595698666e+01
 53 SNES Function norm 2.066685242154e+01
 54 SNES Function norm 1.811019735832e+01
 55 SNES Function norm 1.663637416993e+01
 56 SNES Function norm 1.588011578956e+01
 57 SNES Function norm 1.495280334951e+01
 58 SNES Function norm 1.479697429662e+01
 59 SNES Function norm 1.506979696138e+01
 60 SNES Function norm 1.474848099962e+01
 61 SNES Function norm 7.718025873453e+01
 62 SNES Function norm 6.468383342715e+01
 63 SNES Function norm 6.408645757943e+01
 64 SNES Function norm 5.586198532343e+01
 65 SNES Function norm 5.270896996004e+01
 66 SNES Function norm 5.098840035112e+01
 67 SNES Function norm 5.003988442216e+01
 68 SNES Function norm 5.046154776515e+01
 69 SNES Function norm 4.821220755792e+01
 70 SNES Function norm 4.958073663140e+01
 71 SNES Function norm 4.916515381093e+01
 72 SNES Function norm 4.708015164213e+01
 73 SNES Function norm 4.597915359045e+01
 74 SNES Function norm 4.465267819610e+01
 75 SNES Function norm 4.416258002855e+01
 76 SNES Function norm 4.423966161365e+01
 77 SNES Function norm 4.295814262049e+01
 78 SNES Function norm 4.263133254817e+01
 79 SNES Function norm 4.203639506525e+01
 80 SNES Function norm 4.186272377421e+01
 81 SNES Function norm 4.180851929322e+01
 82 SNES Function norm 4.189338255384e+01
 83 SNES Function norm 4.086030358564e+01
 84 SNES Function norm 4.098509114906e+01
 85 SNES Function norm 4.100618876624e+01
 86 SNES Function norm 3.986816300090e+01
 87 SNES Function norm 4.286881678232e+01
 88 SNES Function norm 4.334098522671e+01
 89 SNES Function norm 2.750386996026e+02
 90 SNES Function norm 1.542209419742e+02
 91 SNES Function norm 1.163925613117e+02
 92 SNES Function norm 9.613204246861e+01
 93 SNES Function norm 8.706874458549e+01
 94 SNES Function norm 8.049161245075e+01
 95 SNES Function norm 7.366784056509e+01
 96 SNES Function norm 7.195403200344e+01
 97 SNES Function norm 8.799150962637e+01
 98 SNES Function norm 7.698937446618e+01
 99 SNES Function norm 7.606259703752e+01
100 SNES Function norm 7.479386547372e+01
    Linear DIRK33-Equation_ solve converged due to CONVERGED_ITS iterations 1
    Linear DIRK33-Equation_ solve converged due to CONVERGED_ITS iterations 1
    Linear DIRK33-Equation_ solve converged due to CONVERGED_ITS iterations 1
  step  32  picard  17 (res 9.46e-05)  newton FAILED  |u|max 2.13  dt 2.00e-03  Co 0.204  psi [-0.0159, +1.0112]  dV 2.49e-01  strain max 2.424
  0 SNES Function norm 8.226482570389e-01
  1 SNES Function norm 2.401266653027e-10
  0 SNES Function norm 4.661793949428e-01
  1 SNES Function norm 2.308011393464e-10
  0 SNES Function norm 3.309277161593e-01
  1 SNES Function norm 2.306237459830e-10
  0 SNES Function norm 2.413708558695e-01
  1 SNES Function norm 2.357968271812e-10
  0 SNES Function norm 1.775021886233e-01
  1 SNES Function norm 2.382205965765e-10
  0 SNES Function norm 1.400554261556e-01
  1 SNES Function norm 2.249218416333e-10
  0 SNES Function norm 1.173402278128e-01
  1 SNES Function norm 2.265370364839e-10
  0 SNES Function norm 1.022583821922e-01
  1 SNES Function norm 2.339701366684e-10
  0 SNES Function norm 9.152828631644e-02
  1 SNES Function norm 2.405677988045e-10
  0 SNES Function norm 8.328437321980e-02
  1 SNES Function norm 2.509238782349e-10
  0 SNES Function norm 7.552302430582e-02
  1 SNES Function norm 2.296097579218e-10
  0 SNES Function norm 6.947679902639e-02
  1 SNES Function norm 2.344579402008e-10
  0 SNES Function norm 6.409422215667e-02
  1 SNES Function norm 2.377957132002e-10
  0 SNES Function norm 5.925375368695e-02
  1 SNES Function norm 2.329265406530e-10
  0 SNES Function norm 5.484814199296e-02
  1 SNES Function norm 2.342805231981e-10
  0 SNES Function norm 5.084790484035e-02
  1 SNES Function norm 2.401500968291e-10
  0 SNES Function norm 4.720055232090e-02
  1 SNES Function norm 2.277578546215e-10
  0 SNES Function norm 4.393711412832e-02
  1 SNES Function norm 2.394461691415e-10
  0 SNES Function norm 4.098710601068e-02
  1 SNES Function norm 1.362619453871e+00
  2 SNES Function norm 3.399679256945e+00
  3 SNES Function norm 3.483383082255e+00
  4 SNES Function norm 5.148735444696e+00
  5 SNES Function norm 5.086741834431e+00
  6 SNES Function norm 4.806522077831e+00
  7 SNES Function norm 4.325509187267e+00
  8 SNES Function norm 4.322669263664e+00
  9 SNES Function norm 4.250693105220e+00
 10 SNES Function norm 7.594243034670e+00
 11 SNES Function norm 7.443210914874e+00
 12 SNES Function norm 7.162534315063e+00
 13 SNES Function norm 2.757884297435e+01
 14 SNES Function norm 2.816269065605e+01
 15 SNES Function norm 2.402954832953e+01
 16 SNES Function norm 2.412459870385e+01
 17 SNES Function norm 2.271971968793e+01
 18 SNES Function norm 8.836364409494e+01
 19 SNES Function norm 6.054404195345e+01
 20 SNES Function norm 5.384323927256e+01
 21 SNES Function norm 5.039458256301e+01
 22 SNES Function norm 4.892144411313e+01
 23 SNES Function norm 4.792680063342e+01
 24 SNES Function norm 4.716777485702e+01
 25 SNES Function norm 4.532200617591e+01
 26 SNES Function norm 4.491366455591e+01
 27 SNES Function norm 8.075796989048e+01
 28 SNES Function norm 7.101653093635e+01
 29 SNES Function norm 6.689428649120e+01
 30 SNES Function norm 6.290715797163e+01
 31 SNES Function norm 6.198154204665e+01
 32 SNES Function norm 5.927984611124e+01
 33 SNES Function norm 5.698244436330e+01
 34 SNES Function norm 5.409985207604e+01
 35 SNES Function norm 5.339023893131e+01
 36 SNES Function norm 5.298203335820e+01
 37 SNES Function norm 9.738324922142e+01
 38 SNES Function norm 9.673946674724e+01
 39 SNES Function norm 8.839434278274e+01
 40 SNES Function norm 7.789255742108e+01
 41 SNES Function norm 7.300829917896e+01
 42 SNES Function norm 7.036690963262e+01
 43 SNES Function norm 8.913616438289e+01
 44 SNES Function norm 7.751843160295e+01
 45 SNES Function norm 7.740466628192e+01
 46 SNES Function norm 7.731092816224e+01
 47 SNES Function norm 7.729928550150e+01
 48 SNES Function norm 7.729169866255e+01
 49 SNES Function norm 7.728712978582e+01
 50 SNES Function norm 7.728437182404e+01
 51 SNES Function norm 7.728270456429e+01
 52 SNES Function norm 7.728154057077e+01
 53 SNES Function norm 7.728083550655e+01
 54 SNES Function norm 7.728040820840e+01
 55 SNES Function norm 7.728014847132e+01
 56 SNES Function norm 7.727999089936e+01
 57 SNES Function norm 7.727989530003e+01
 58 SNES Function norm 7.727983729714e+01
 59 SNES Function norm 7.727980210420e+01
 60 SNES Function norm 7.727978075072e+01
 61 SNES Function norm 7.727976779428e+01
 62 SNES Function norm 7.727975993278e+01
 63 SNES Function norm 7.727975516269e+01
 64 SNES Function norm 7.727975226835e+01
 65 SNES Function norm 7.727975051216e+01
 66 SNES Function norm 7.727974944656e+01
 67 SNES Function norm 7.727974879998e+01
 68 SNES Function norm 7.727974840766e+01
 69 SNES Function norm 7.727974816961e+01
 70 SNES Function norm 7.727974802517e+01
 71 SNES Function norm 7.727974793753e+01
 72 SNES Function norm 7.727974788435e+01
 73 SNES Function norm 7.727974785209e+01
 74 SNES Function norm 7.727974783251e+01
 75 SNES Function norm 7.727974782063e+01
 76 SNES Function norm 7.727974781342e+01
 77 SNES Function norm 7.727974780904e+01
 78 SNES Function norm 7.727974780639e+01
 79 SNES Function norm 7.727974780478e+01
 80 SNES Function norm 7.727974780380e+01
 81 SNES Function norm 7.727974780321e+01
 82 SNES Function norm 7.727974780285e+01
 83 SNES Function norm 7.727974780263e+01
 84 SNES Function norm 7.727974780250e+01
 85 SNES Function norm 7.727974780242e+01
 86 SNES Function norm 9.246125747079e+01
 87 SNES Function norm 7.708417423945e+01
 88 SNES Function norm 9.226062047668e+01
 89 SNES Function norm 7.750172234630e+01
 90 SNES Function norm 7.671220149039e+01
 91 SNES Function norm 7.555599598506e+01
 92 SNES Function norm 7.322163549870e+01
 93 SNES Function norm 6.712795942427e+01
 94 SNES Function norm 6.163214837942e+01
 95 SNES Function norm 2.621487230646e+02
 96 SNES Function norm 1.310644491001e+02
 97 SNES Function norm 9.387602027780e+01
 98 SNES Function norm 8.861630329624e+01
 99 SNES Function norm 1.095059836825e+02
100 SNES Function norm 8.767230860567e+01
    Linear DIRK33-Equation_ solve converged due to CONVERGED_ITS iterations 1
    Linear DIRK33-Equation_ solve converged due to CONVERGED_ITS iterations 1
    Linear DIRK33-Equation_ solve converged due to CONVERGED_ITS iterations 1
  step  33  picard  18 (res 8.96e-05)  newton FAILED  |u|max 2.12  dt 2.00e-03  Co 0.204  psi [-0.0167, +1.0108]  dV 2.56e-01  strain max 2.442
  0 SNES Function norm 7.099741929232e-01
  1 SNES Function norm 2.320024018825e-10
  0 SNES Function norm 4.298218564960e-01
  1 SNES Function norm 2.352893302127e-10
  0 SNES Function norm 3.179042670207e-01
  1 SNES Function norm 2.271325925775e-10
  0 SNES Function norm 2.386269151131e-01
  1 SNES Function norm 2.337967086348e-10
  0 SNES Function norm 1.828614960483e-01
  1 SNES Function norm 2.249065357861e-10
  0 SNES Function norm 1.478462974168e-01
  1 SNES Function norm 2.263382311784e-10
  0 SNES Function norm 1.258154562021e-01
  1 SNES Function norm 2.391084339578e-10
  0 SNES Function norm 1.101350489057e-01
  1 SNES Function norm 2.323449615826e-10
  0 SNES Function norm 9.886084049624e-02
  1 SNES Function norm 2.311960813802e-10
  0 SNES Function norm 8.987583995470e-02
  1 SNES Function norm 2.332058329918e-10
  0 SNES Function norm 8.234863177380e-02
  1 SNES Function norm 2.309482858504e-10
  0 SNES Function norm 7.572588600406e-02
  1 SNES Function norm 2.401317077736e-10
  0 SNES Function norm 6.967882132478e-02
  1 SNES Function norm 2.361818820114e-10
  0 SNES Function norm 6.427457139476e-02
  1 SNES Function norm 2.385158698510e-10
  0 SNES Function norm 5.806478476982e-02
  1 SNES Function norm 2.446158100619e-10
  0 SNES Function norm 5.243554061677e-02
  1 SNES Function norm 2.398582377800e-10
  0 SNES Function norm 4.808596231234e-02
  1 SNES Function norm 2.865812619288e+01
  2 SNES Function norm 1.584036687602e+01
  3 SNES Function norm 1.564767287912e+01
  4 SNES Function norm 1.398394008017e+01
  5 SNES Function norm 1.254578270576e+01
  6 SNES Function norm 1.132814639141e+01
  7 SNES Function norm 1.072625422632e+01
  8 SNES Function norm 1.064949013372e+01
  9 SNES Function norm 1.458911590250e+01
 10 SNES Function norm 1.354202477438e+01
 11 SNES Function norm 1.295022661747e+01
 12 SNES Function norm 1.238430701289e+01
 13 SNES Function norm 1.198083061453e+01
 14 SNES Function norm 1.139790140141e+01
 15 SNES Function norm 1.101261559542e+01
 16 SNES Function norm 1.084963625478e+01
 17 SNES Function norm 1.554011896578e+01
 18 SNES Function norm 1.380323739619e+01
 19 SNES Function norm 1.249456973117e+01
 20 SNES Function norm 1.550661249278e+01
 21 SNES Function norm 1.335944981058e+01
 22 SNES Function norm 1.220254186975e+01
 23 SNES Function norm 1.160675476184e+01
 24 SNES Function norm 2.868666092504e+01
 25 SNES Function norm 2.275368208745e+01
 26 SNES Function norm 2.133505005270e+01
 27 SNES Function norm 2.045239625147e+01
 28 SNES Function norm 2.016368224407e+01
 29 SNES Function norm 1.784224354454e+01
 30 SNES Function norm 2.852299623099e+02
 31 SNES Function norm 6.932835896104e+01
 32 SNES Function norm 5.649140644960e+01
 33 SNES Function norm 5.291737940499e+01
 34 SNES Function norm 5.050870289746e+01
 35 SNES Function norm 4.829594596874e+01
 36 SNES Function norm 4.793424939306e+01
 37 SNES Function norm 7.030902996769e+01
 38 SNES Function norm 6.345152740009e+01
 39 SNES Function norm 5.547005958410e+01
 40 SNES Function norm 5.010831013451e+01
 41 SNES Function norm 4.631000957018e+01
 42 SNES Function norm 4.599898826164e+01
 43 SNES Function norm 4.597377835820e+01
 44 SNES Function norm 4.594942233414e+01
 45 SNES Function norm 4.588225252912e+01
 46 SNES Function norm 4.579096839459e+01
 47 SNES Function norm 4.566749954076e+01
 48 SNES Function norm 4.555055505800e+01
 49 SNES Function norm 4.533980723626e+01
 50 SNES Function norm 4.505420709755e+01
 51 SNES Function norm 4.447737756949e+01
 52 SNES Function norm 4.392480653225e+01
 53 SNES Function norm 4.337035444921e+01
 54 SNES Function norm 4.258228883412e+01
 55 SNES Function norm 4.145546790723e+01
 56 SNES Function norm 4.017469390127e+01
 57 SNES Function norm 3.822276744418e+01
 58 SNES Function norm 3.718719338372e+01
 59 SNES Function norm 3.491412181406e+01
 60 SNES Function norm 9.315278611296e+01
 61 SNES Function norm 8.563792713221e+01
 62 SNES Function norm 7.102046027394e+01
 63 SNES Function norm 6.759846124388e+01
 64 SNES Function norm 6.466287861014e+01
 65 SNES Function norm 6.415193805012e+01
 66 SNES Function norm 6.220034645154e+01
 67 SNES Function norm 6.205188246178e+01
 68 SNES Function norm 6.196974441293e+01
 69 SNES Function norm 6.185598719609e+01
 70 SNES Function norm 6.160804164316e+01
 71 SNES Function norm 6.150718493721e+01
 72 SNES Function norm 6.134101515460e+01
 73 SNES Function norm 6.117830882346e+01
 74 SNES Function norm 6.107985440549e+01
 75 SNES Function norm 6.058694757929e+01
 76 SNES Function norm 5.861180312358e+01
 77 SNES Function norm 5.081156989843e+02
    Linear DIRK33-Equation_ solve converged due to CONVERGED_ITS iterations 1
    Linear DIRK33-Equation_ solve converged due to CONVERGED_ITS iterations 1
    Linear DIRK33-Equation_ solve converged due to CONVERGED_ITS iterations 1
  step  34  picard  16 (res 9.79e-05)  newton FAILED  |u|max 2.12  dt 2.00e-03  Co 0.203  psi [-0.0174, +1.0143]  dV 2.63e-01  strain max 2.456
  0 SNES Function norm 6.159455056782e-01
  1 SNES Function norm 2.255700972165e-10
  0 SNES Function norm 3.939229662875e-01
  1 SNES Function norm 2.315511173186e-10
  0 SNES Function norm 3.043038061533e-01
  1 SNES Function norm 2.195469417027e-10
  0 SNES Function norm 2.399061121667e-01
  1 SNES Function norm 2.381179295553e-10
  0 SNES Function norm 1.898924853470e-01
  1 SNES Function norm 2.328069978042e-10
  0 SNES Function norm 1.577386905143e-01
  1 SNES Function norm 2.295393900506e-10
  0 SNES Function norm 1.347439160117e-01
  1 SNES Function norm 2.293755731166e-10
  0 SNES Function norm 1.173271724327e-01
  1 SNES Function norm 2.342639935267e-10
  0 SNES Function norm 1.041881791337e-01
  1 SNES Function norm 2.323860367528e-10
  0 SNES Function norm 9.339127214366e-02
  1 SNES Function norm 2.212582441167e-10
  0 SNES Function norm 8.409019321597e-02
  1 SNES Function norm 2.304205730816e-10
  0 SNES Function norm 7.647078240223e-02
  1 SNES Function norm 2.264971763257e-10
  0 SNES Function norm 7.006150909854e-02
  1 SNES Function norm 2.221700188219e-10
  0 SNES Function norm 6.443055879393e-02
  1 SNES Function norm 2.302764604121e-10
  0 SNES Function norm 5.960609497844e-02
  1 SNES Function norm 2.422705022694e-10
  0 SNES Function norm 5.546624988624e-02
  1 SNES Function norm 2.357732622592e-10
  0 SNES Function norm 5.187328229911e-02
  1 SNES Function norm 2.307604404311e-10
  0 SNES Function norm 4.872196002630e-02
  1 SNES Function norm 2.307371271864e-10
  0 SNES Function norm 4.592070535440e-02
  1 SNES Function norm 4.436262224196e-02
  2 SNES Function norm 8.715862109453e-01
  3 SNES Function norm 4.193684370500e+00
  4 SNES Function norm 4.314093400069e+00
  5 SNES Function norm 4.083412684259e+00
  6 SNES Function norm 1.575842345941e+01
  7 SNES Function norm 1.240111723852e+01
  8 SNES Function norm 1.234546261716e+01
  9 SNES Function norm 1.994576244399e+01
 10 SNES Function norm 1.959756716168e+01
 11 SNES Function norm 1.712073794676e+01
 12 SNES Function norm 1.672501346108e+01
 13 SNES Function norm 1.475597382710e+01
 14 SNES Function norm 1.328170691439e+01
 15 SNES Function norm 1.282406924238e+01
 16 SNES Function norm 1.209767915683e+01
 17 SNES Function norm 1.190586121909e+01
 18 SNES Function norm 1.284827788702e+01
 19 SNES Function norm 1.271501277636e+01
 20 SNES Function norm 1.361401779702e+01
 21 SNES Function norm 1.221157640514e+01
 22 SNES Function norm 1.311433891959e+01
 23 SNES Function norm 1.231174798658e+01
 24 SNES Function norm 1.273274334088e+01
 25 SNES Function norm 1.188063256164e+01
 26 SNES Function norm 1.195277388421e+01
 27 SNES Function norm 1.196740212755e+01
 28 SNES Function norm 1.198165244847e+01
 29 SNES Function norm 1.215900219996e+01
 30 SNES Function norm 1.222318978683e+01
 31 SNES Function norm 1.799232624776e+01
 32 SNES Function norm 1.842194074560e+01
 33 SNES Function norm 1.828338611904e+01
 34 SNES Function norm 1.752138076497e+01
 35 SNES Function norm 1.679148511827e+01
 36 SNES Function norm 1.723759824255e+01
 37 SNES Function norm 1.641811100929e+01
 38 SNES Function norm 1.509913346505e+01
 39 SNES Function norm 1.504884605968e+01
 40 SNES Function norm 1.487956671707e+01
 41 SNES Function norm 1.414464170672e+01
 42 SNES Function norm 1.392093748646e+01
 43 SNES Function norm 1.313292861807e+01
 44 SNES Function norm 1.300268579723e+01
 45 SNES Function norm 1.295284173899e+01
 46 SNES Function norm 1.284641441520e+01
 47 SNES Function norm 1.281775200079e+01
 48 SNES Function norm 3.306713617633e+01
 49 SNES Function norm 3.836183963443e+01
 50 SNES Function norm 3.523811885472e+01
 51 SNES Function norm 3.567139719113e+01
 52 SNES Function norm 3.227560207194e+01
 53 SNES Function norm 3.373253054368e+01
 54 SNES Function norm 3.352866346954e+01
 55 SNES Function norm 8.107364086118e+01
 56 SNES Function norm 6.964565048210e+01
 57 SNES Function norm 5.484898542505e+01
 58 SNES Function norm 5.167491301149e+01
 59 SNES Function norm 4.863993291400e+01
 60 SNES Function norm 4.677827559822e+01
 61 SNES Function norm 4.490437263718e+01
 62 SNES Function norm 4.452837418229e+01
 63 SNES Function norm 4.312926552740e+01
 64 SNES Function norm 1.159600980945e+02
 65 SNES Function norm 7.925668197977e+01
 66 SNES Function norm 6.667735899572e+01
 67 SNES Function norm 6.515338456616e+01
 68 SNES Function norm 6.075480753491e+01
 69 SNES Function norm 5.904668465950e+01
 70 SNES Function norm 5.602435099626e+01
 71 SNES Function norm 5.224270014928e+01
 72 SNES Function norm 4.941137237097e+01
 73 SNES Function norm 4.852516400849e+01
 74 SNES Function norm 4.790282985245e+01
 75 SNES Function norm 4.464983824431e+01
 76 SNES Function norm 4.338690814028e+01
 77 SNES Function norm 4.271316068888e+01
 78 SNES Function norm 4.234538816043e+01
 79 SNES Function norm 4.051447496689e+01
 80 SNES Function norm 4.116907966109e+01
 81 SNES Function norm 3.699497014988e+01
 82 SNES Function norm 3.576745441235e+01
 83 SNES Function norm 3.251626037099e+01
 84 SNES Function norm 3.251370930206e+01
 85 SNES Function norm 3.185887742115e+01
 86 SNES Function norm 8.486017831003e+01
 87 SNES Function norm 8.948797840390e+01
 88 SNES Function norm 7.680230077538e+01
 89 SNES Function norm 7.599460390774e+01
 90 SNES Function norm 7.421925699029e+01
 91 SNES Function norm 7.246344679955e+01
 92 SNES Function norm 6.946595838207e+01
 93 SNES Function norm 6.789608504578e+01
 94 SNES Function norm 6.612661754423e+01
 95 SNES Function norm 6.494587049867e+01
 96 SNES Function norm 6.618378671302e+01
 97 SNES Function norm 6.570220331406e+01
 98 SNES Function norm 5.462751962050e+03
    Linear DIRK33-Equation_ solve converged due to CONVERGED_ITS iterations 1
    Linear DIRK33-Equation_ solve converged due to CONVERGED_ITS iterations 1
    Linear DIRK33-Equation_ solve converged due to CONVERGED_ITS iterations 1
  step  35  picard  18 (res 9.46e-05)  newton FAILED  |u|max 2.11  dt 2.00e-03  Co 0.203  psi [-0.0178, +1.0166]  dV 2.70e-01  strain max 2.470
  0 SNES Function norm 5.495023122592e-01
  1 SNES Function norm 2.260267752804e-10
  0 SNES Function norm 3.887268639458e-01
  1 SNES Function norm 2.219042550421e-10
  0 SNES Function norm 3.150150733941e-01
  1 SNES Function norm 2.223813795122e-10
  0 SNES Function norm 2.479985869266e-01
  1 SNES Function norm 2.249323071984e-10
  0 SNES Function norm 1.992846256334e-01
  1 SNES Function norm 2.330244042855e-10
  0 SNES Function norm 1.647546877457e-01
  1 SNES Function norm 2.146273263801e-10
  0 SNES Function norm 1.390529137484e-01
  1 SNES Function norm 2.235916964376e-10
  0 SNES Function norm 1.188842663086e-01
  1 SNES Function norm 2.280573876613e-10
  0 SNES Function norm 1.043498973562e-01
  1 SNES Function norm 2.335597971049e-10
  0 SNES Function norm 9.319238632117e-02
  1 SNES Function norm 2.296995306389e-10
  0 SNES Function norm 8.422526992515e-02
  1 SNES Function norm 2.279742627373e-10
  0 SNES Function norm 7.591459170403e-02
  1 SNES Function norm 2.252244810826e-10
  0 SNES Function norm 6.793579782437e-02
  1 SNES Function norm 2.289783710626e-10
  0 SNES Function norm 6.183914274220e-02
  1 SNES Function norm 2.315153185177e-10
  0 SNES Function norm 5.665937664948e-02
  1 SNES Function norm 2.246477175043e-10
  0 SNES Function norm 5.219789752664e-02
  1 SNES Function norm 2.285445160998e-10
  0 SNES Function norm 4.830851145746e-02
  1 SNES Function norm 2.321516060037e-10
  0 SNES Function norm 4.478902580523e-02
  1 SNES Function norm 2.258173268244e-10
  0 SNES Function norm 4.175082599838e-02
  1 SNES Function norm 1.443503572915e+00
  2 SNES Function norm 4.103259778435e+00
  3 SNES Function norm 8.275019463258e+00
  4 SNES Function norm 8.035264920246e+00
  5 SNES Function norm 7.992695095779e+00
  6 SNES Function norm 8.076029434269e+00
  7 SNES Function norm 7.825234123441e+00
  8 SNES Function norm 7.709431850881e+00
  9 SNES Function norm 7.565705942948e+00
 10 SNES Function norm 7.491058614422e+00
 11 SNES Function norm 7.476604206215e+00
 12 SNES Function norm 7.475369072034e+00
 13 SNES Function norm 8.733376316247e+01
 14 SNES Function norm 9.504635980469e+02
    Linear DIRK33-Equation_ solve converged due to CONVERGED_ITS iterations 1
    Linear DIRK33-Equation_ solve converged due to CONVERGED_ITS iterations 1
    Linear DIRK33-Equation_ solve converged due to CONVERGED_ITS iterations 1
  step  36  picard  18 (res 8.89e-05)  newton FAILED  |u|max 2.11  dt 2.00e-03  Co 0.203  psi [-0.0182, +1.0174]  dV 2.76e-01  strain max 2.480
  0 SNES Function norm 5.091168614551e-01
  1 SNES Function norm 2.254063861986e-10
  0 SNES Function norm 3.971380371167e-01
  1 SNES Function norm 2.311885130382e-10
  0 SNES Function norm 3.422544523479e-01
  1 SNES Function norm 2.215623856244e-10
  0 SNES Function norm 2.628252914536e-01
  1 SNES Function norm 2.252580366227e-10
  0 SNES Function norm 1.906460903557e-01
  1 SNES Function norm 2.292309033718e-10
  0 SNES Function norm 1.478085225099e-01
  1 SNES Function norm 2.306985594979e-10
  0 SNES Function norm 1.223606112478e-01
  1 SNES Function norm 2.276308515790e-10
  0 SNES Function norm 1.053423721683e-01
  1 SNES Function norm 2.273495280952e-10
  0 SNES Function norm 9.301058677999e-02
  1 SNES Function norm 2.332955817958e-10
  0 SNES Function norm 8.296745091916e-02
  1 SNES Function norm 2.330026926173e-10
  0 SNES Function norm 7.472977631703e-02
  1 SNES Function norm 2.220785976035e-10
  0 SNES Function norm 6.776606606205e-02
  1 SNES Function norm 2.257196171482e-10
  0 SNES Function norm 6.189411330298e-02
  1 SNES Function norm 2.304437830358e-10
  0 SNES Function norm 5.679657321462e-02
  1 SNES Function norm 2.223569824965e-10
  0 SNES Function norm 5.230733168548e-02
  1 SNES Function norm 2.338763131127e-10
  0 SNES Function norm 4.842101464404e-02
  1 SNES Function norm 2.337325914943e-10
  0 SNES Function norm 4.506583252200e-02
  1 SNES Function norm 2.270954475766e-10
  0 SNES Function norm 4.218274346495e-02
  1 SNES Function norm 2.264122666034e-10
  0 SNES Function norm 3.968559663320e-02
  1 SNES Function norm 3.194157961081e+00
  2 SNES Function norm 3.658580887437e+00
  3 SNES Function norm 1.166335699967e+01
  4 SNES Function norm 1.054129339679e+01
  5 SNES Function norm 9.185156199019e+00
  6 SNES Function norm 8.814589522400e+00
  7 SNES Function norm 8.572689778356e+00
  8 SNES Function norm 8.396840177668e+00
  9 SNES Function norm 8.524047154006e+00
 10 SNES Function norm 8.211714049683e+00
 11 SNES Function norm 1.385847847385e+01
 12 SNES Function norm 1.310294808489e+01
 13 SNES Function norm 1.189119555209e+01
 14 SNES Function norm 1.180317796037e+01
 15 SNES Function norm 1.399296393239e+01
 16 SNES Function norm 1.201651253978e+01
 17 SNES Function norm 1.174322377357e+01
 18 SNES Function norm 1.119730187436e+01
 19 SNES Function norm 1.020015690949e+01
 20 SNES Function norm 9.637054022518e+00
 21 SNES Function norm 9.204600025720e+00
 22 SNES Function norm 1.603151430758e+01
 23 SNES Function norm 1.410273254318e+01
 24 SNES Function norm 1.264202857983e+01
 25 SNES Function norm 1.184433935411e+01
 26 SNES Function norm 2.043098819346e+01
 27 SNES Function norm 1.851389645330e+01
 28 SNES Function norm 1.664526992108e+01
 29 SNES Function norm 1.586384572190e+01
 30 SNES Function norm 1.493331956705e+01
 31 SNES Function norm 1.476167061662e+01
 32 SNES Function norm 1.392722099618e+01
 33 SNES Function norm 1.399913444235e+01
 34 SNES Function norm 1.374328897213e+01
 35 SNES Function norm 1.366160370922e+01
 36 SNES Function norm 1.364959700710e+01
 37 SNES Function norm 7.674937361284e+02
    Linear DIRK33-Equation_ solve converged due to CONVERGED_ITS iterations 1
    Linear DIRK33-Equation_ solve converged due to CONVERGED_ITS iterations 1
    Linear DIRK33-Equation_ solve converged due to CONVERGED_ITS iterations 1
  step  37  picard  18 (res 9.04e-05)  newton FAILED  |u|max 2.11  dt 2.00e-03  Co 0.203  psi [-0.0184, +1.0252]  dV 2.83e-01  strain max 2.489
  0 SNES Function norm 5.556594891958e-01
  1 SNES Function norm 2.155238346422e-10
  0 SNES Function norm 4.104808139878e-01
  1 SNES Function norm 2.156418985481e-10
  0 SNES Function norm 3.416557445335e-01
  1 SNES Function norm 2.265348244582e-10
  0 SNES Function norm 2.548660893229e-01
  1 SNES Function norm 2.208596065511e-10
  0 SNES Function norm 1.825683906336e-01
  1 SNES Function norm 2.191582198177e-10
  0 SNES Function norm 1.451367107218e-01
  1 SNES Function norm 2.207788140191e-10
  0 SNES Function norm 1.228859413365e-01
  1 SNES Function norm 2.266935399383e-10
  0 SNES Function norm 1.067838503862e-01
  1 SNES Function norm 2.279543081782e-10
  0 SNES Function norm 9.475153168725e-02
  1 SNES Function norm 2.205416755195e-10
  0 SNES Function norm 8.549081300553e-02
  1 SNES Function norm 2.168496745636e-10
  0 SNES Function norm 7.785282508532e-02
  1 SNES Function norm 2.170180403526e-10
  0 SNES Function norm 7.144845070184e-02
  1 SNES Function norm 2.189456033880e-10
  0 SNES Function norm 6.614078637254e-02
  1 SNES Function norm 2.269054150345e-10
  0 SNES Function norm 6.149941521270e-02
  1 SNES Function norm 2.310111102075e-10
  0 SNES Function norm 5.736768376731e-02
  1 SNES Function norm 2.281805658707e-10
  0 SNES Function norm 5.358478244858e-02
  1 SNES Function norm 2.225629716286e-10
  0 SNES Function norm 5.009228697536e-02
  1 SNES Function norm 2.344465344945e-10
  0 SNES Function norm 4.685290707997e-02
  1 SNES Function norm 1.578371861014e+00
  2 SNES Function norm 3.671373504126e+00
  3 SNES Function norm 3.894804291935e+00
  4 SNES Function norm 1.017965179200e+01
  5 SNES Function norm 1.005350164457e+01
  6 SNES Function norm 9.976045936764e+00
  7 SNES Function norm 8.649317536903e+00
  8 SNES Function norm 8.454169189572e+00
  9 SNES Function norm 7.871758139423e+00
 10 SNES Function norm 7.611811647928e+00
 11 SNES Function norm 7.621419918369e+00
 12 SNES Function norm 7.410317946908e+00
 13 SNES Function norm 7.378473287810e+00
 14 SNES Function norm 7.157087274129e+00
 15 SNES Function norm 7.224049117834e+00
 16 SNES Function norm 6.941967337429e+00
 17 SNES Function norm 6.990913312276e+00
 18 SNES Function norm 6.752194203895e+00
 19 SNES Function norm 6.841490837431e+00
 20 SNES Function norm 6.587093002702e+00
 21 SNES Function norm 9.445552866876e+00
 22 SNES Function norm 8.842303707264e+00
 23 SNES Function norm 8.111115821536e+00
 24 SNES Function norm 1.083564766746e+01
 25 SNES Function norm 1.422506674902e+01
 26 SNES Function norm 1.254884448170e+01
 27 SNES Function norm 1.152833607129e+01
 28 SNES Function norm 1.139529268506e+01
 29 SNES Function norm 1.129128688981e+01
 30 SNES Function norm 1.113395559205e+01
 31 SNES Function norm 1.071406110184e+01
 32 SNES Function norm 1.025879995310e+01
 33 SNES Function norm 9.716778212382e+00
 34 SNES Function norm 9.614488883517e+00
 35 SNES Function norm 9.212583892946e+00
 36 SNES Function norm 8.942947302350e+00
 37 SNES Function norm 8.914978762802e+00
 38 SNES Function norm 8.811641018086e+00
 39 SNES Function norm 8.706847889142e+00
 40 SNES Function norm 1.738424788641e+01
 41 SNES Function norm 1.693560703814e+01
 42 SNES Function norm 1.679172372131e+01
 43 SNES Function norm 1.446933508599e+01
 44 SNES Function norm 1.297926356185e+01
 45 SNES Function norm 1.159379427610e+01
 46 SNES Function norm 1.450047059637e+01
 47 SNES Function norm 1.251464778232e+01
 48 SNES Function norm 1.100169241588e+01
 49 SNES Function norm 1.024650392424e+01
 50 SNES Function norm 9.510774608604e+00
 51 SNES Function norm 1.812114737951e+01
 52 SNES Function norm 1.537953684324e+01
 53 SNES Function norm 1.419317028537e+01
 54 SNES Function norm 1.260378633965e+01
 55 SNES Function norm 1.622921833406e+01
 56 SNES Function norm 1.517937891012e+01
 57 SNES Function norm 1.379114583541e+01
 58 SNES Function norm 1.411346747316e+01
 59 SNES Function norm 1.309276515105e+01
 60 SNES Function norm 1.284463090907e+01
 61 SNES Function norm 1.584641058317e+01
 62 SNES Function norm 1.269208033558e+01
 63 SNES Function norm 1.485703560338e+01
 64 SNES Function norm 1.208382577305e+01
 65 SNES Function norm 1.462817251125e+01
 66 SNES Function norm 1.194875425193e+01
 67 SNES Function norm 1.180231390490e+01
 68 SNES Function norm 1.175568824165e+01
 69 SNES Function norm 1.172946774736e+01
 70 SNES Function norm 1.170159099043e+01
 71 SNES Function norm 1.169323765525e+01
 72 SNES Function norm 1.169062404740e+01
 73 SNES Function norm 1.169057374187e+01
 74 SNES Function norm 1.169055780963e+01
 75 SNES Function norm 1.169055276424e+01
 76 SNES Function norm 1.169055116654e+01
 77 SNES Function norm 1.169055066060e+01
 78 SNES Function norm 1.169055050039e+01
 79 SNES Function norm 1.169055044966e+01
 80 SNES Function norm 1.169055043359e+01
 81 SNES Function norm 1.169055042850e+01
 82 SNES Function norm 1.169055042689e+01
 83 SNES Function norm 1.169055042638e+01
 84 SNES Function norm 1.169055042622e+01
 85 SNES Function norm 1.169055042617e+01
 86 SNES Function norm 1.169055042616e+01
 87 SNES Function norm 1.327172020770e+01
 88 SNES Function norm 1.157476816360e+01
 89 SNES Function norm 1.417089884605e+01
 90 SNES Function norm 1.205827089151e+01
 91 SNES Function norm 1.179214855779e+01
 92 SNES Function norm 1.167777257624e+01
 93 SNES Function norm 1.159037980517e+01
 94 SNES Function norm 1.150188082904e+01
 95 SNES Function norm 1.142829746661e+01
 96 SNES Function norm 1.130692231032e+01
 97 SNES Function norm 1.108752923985e+01
 98 SNES Function norm 1.069243133784e+01
 99 SNES Function norm 9.370176518791e+00
100 SNES Function norm 8.985296977885e+00
    Linear DIRK33-Equation_ solve converged due to CONVERGED_ITS iterations 1
    Linear DIRK33-Equation_ solve converged due to CONVERGED_ITS iterations 1
    Linear DIRK33-Equation_ solve converged due to CONVERGED_ITS iterations 1
  step  38  picard  17 (res 9.53e-05)  newton FAILED  |u|max 2.11  dt 2.00e-03  Co 0.202  psi [-0.0185, +1.0344]  dV 2.89e-01  strain max 2.500
  0 SNES Function norm 6.154329201834e-01
  1 SNES Function norm 2.282492234159e-10
  0 SNES Function norm 4.064849857580e-01
  1 SNES Function norm 2.249927459908e-10
  0 SNES Function norm 3.278712601962e-01
  1 SNES Function norm 2.236417067693e-10
  0 SNES Function norm 2.543825985190e-01
  1 SNES Function norm 2.225124549819e-10
  0 SNES Function norm 1.929274142360e-01
  1 SNES Function norm 2.166007434258e-10
  0 SNES Function norm 1.517283050648e-01
  1 SNES Function norm 2.247029102132e-10
  0 SNES Function norm 1.254214312847e-01
  1 SNES Function norm 2.282686267423e-10
  0 SNES Function norm 1.081002847683e-01
  1 SNES Function norm 2.300624318838e-10
  0 SNES Function norm 9.573774735749e-02
  1 SNES Function norm 2.368853476664e-10
  0 SNES Function norm 8.350623022166e-02
  1 SNES Function norm 2.165376827821e-10
  0 SNES Function norm 7.425814156733e-02
  1 SNES Function norm 2.281660157826e-10
  0 SNES Function norm 6.598031169876e-02
  1 SNES Function norm 2.183477203088e-10
  0 SNES Function norm 5.913773096480e-02
  1 SNES Function norm 2.238957335462e-10
  0 SNES Function norm 5.435197273090e-02
  1 SNES Function norm 2.301868472197e-10
  0 SNES Function norm 5.033243776278e-02
  1 SNES Function norm 2.256463518285e-10
  0 SNES Function norm 4.685522538031e-02
  1 SNES Function norm 2.241065608199e-10
  0 SNES Function norm 4.379991262006e-02
  1 SNES Function norm 2.252509551367e-10
  0 SNES Function norm 4.107726518418e-02
  1 SNES Function norm 2.245378633727e-10
  0 SNES Function norm 3.866017259006e-02
  1 SNES Function norm 2.331963750945e-10
  0 SNES Function norm 3.645618731192e-02
  1 SNES Function norm 3.803404644459e-02
  2 SNES Function norm 4.434657771028e-02
  3 SNES Function norm 4.208759815650e-02
  4 SNES Function norm 3.928175817000e-02
  5 SNES Function norm 3.518796406248e-02
  6 SNES Function norm 2.692865095615e-02
  7 SNES Function norm 2.201051490062e-02
  8 SNES Function norm 2.176337317806e-02
  9 SNES Function norm 2.127976935516e-02
 10 SNES Function norm 2.437244750958e-02
 11 SNES Function norm 1.959666969216e-02
 12 SNES Function norm 2.980593915104e-01
 13 SNES Function norm 8.538353211539e-01
 14 SNES Function norm 2.096697469375e+00
 15 SNES Function norm 8.758965971148e+00
 16 SNES Function norm 7.336468008029e+00
 17 SNES Function norm 6.884509949671e+00
 18 SNES Function norm 6.543084876541e+00
 19 SNES Function norm 6.323789469146e+00
 20 SNES Function norm 6.107478545198e+00
 21 SNES Function norm 6.046890586309e+00
 22 SNES Function norm 5.901831998369e+00
 23 SNES Function norm 5.904058426472e+00
 24 SNES Function norm 5.878485951792e+00
 25 SNES Function norm 5.846774007162e+00
 26 SNES Function norm 5.813172741719e+00
 27 SNES Function norm 1.173108101003e+01
 28 SNES Function norm 9.329555254502e+00
 29 SNES Function norm 8.049731848222e+00
 30 SNES Function norm 7.673227777488e+00
 31 SNES Function norm 7.363405536979e+00
 32 SNES Function norm 9.854623876421e+00
 33 SNES Function norm 8.572480571503e+00
 34 SNES Function norm 7.765472777349e+00
 35 SNES Function norm 6.803456639671e+00
 36 SNES Function norm 6.529554383635e+00
 37 SNES Function norm 1.082095069407e+01
 38 SNES Function norm 9.726731893282e+00
 39 SNES Function norm 8.644196546736e+00
 40 SNES Function norm 7.743743797499e+00
 41 SNES Function norm 7.625344835908e+00
 42 SNES Function norm 6.747807740138e+00
 43 SNES Function norm 6.322489753615e+00
 44 SNES Function norm 8.969998034243e+00
 45 SNES Function norm 8.217176920224e+00
 46 SNES Function norm 7.634636769458e+00
 47 SNES Function norm 7.576387961838e+00
 48 SNES Function norm 7.489510468321e+00
 49 SNES Function norm 7.199981504747e+00
 50 SNES Function norm 7.059598260416e+00
 51 SNES Function norm 6.937671966154e+00
 52 SNES Function norm 6.524647842724e+00
 53 SNES Function norm 6.455050533376e+00
 54 SNES Function norm 6.149138752646e+00
 55 SNES Function norm 6.056157874806e+00
 56 SNES Function norm 5.859654119676e+00
 57 SNES Function norm 1.838743945054e+02
 58 SNES Function norm 1.656984050000e+01
 59 SNES Function norm 1.335666422521e+01
 60 SNES Function norm 1.199821609869e+01
 61 SNES Function norm 1.030300753806e+01
 62 SNES Function norm 9.594855598488e+00
 63 SNES Function norm 9.061012043220e+00
 64 SNES Function norm 8.459240370006e+00
 65 SNES Function norm 8.416027522938e+00
 66 SNES Function norm 8.026557425098e+00
 67 SNES Function norm 7.635946012896e+00
 68 SNES Function norm 7.146603489022e+00
 69 SNES Function norm 6.963335693198e+00
 70 SNES Function norm 6.832251624820e+00
 71 SNES Function norm 6.312094212475e+00
 72 SNES Function norm 6.428333251089e+00
 73 SNES Function norm 6.086371602460e+00
 74 SNES Function norm 5.912159005469e+00
 75 SNES Function norm 5.691398288117e+00
 76 SNES Function norm 5.519126804498e+00
 77 SNES Function norm 5.489584219179e+00
 78 SNES Function norm 5.345775204389e+00
 79 SNES Function norm 5.168026889800e+00
 80 SNES Function norm 1.047442116025e+03
    Linear DIRK33-Equation_ solve converged due to CONVERGED_ITS iterations 1
    Linear DIRK33-Equation_ solve converged due to CONVERGED_ITS iterations 1
    Linear DIRK33-Equation_ solve converged due to CONVERGED_ITS iterations 1
  step  39  picard  19 (res 9.93e-05)  newton FAILED  |u|max 2.11  dt 2.00e-03  Co 0.202  psi [-0.0184, +1.0438]  dV 2.96e-01  strain max 2.522
  0 SNES Function norm 6.128167585358e-01
  1 SNES Function norm 2.292121096829e-10
  0 SNES Function norm 3.942340546154e-01
  1 SNES Function norm 2.289208223167e-10
  0 SNES Function norm 3.046542877025e-01
  1 SNES Function norm 2.232995772554e-10
  0 SNES Function norm 2.302169387876e-01
  1 SNES Function norm 2.272990674398e-10
  0 SNES Function norm 1.711147571412e-01
  1 SNES Function norm 2.253535367747e-10
  0 SNES Function norm 1.349348834874e-01
  1 SNES Function norm 2.259842642700e-10
  0 SNES Function norm 1.115540427831e-01
  1 SNES Function norm 2.344512947939e-10
  0 SNES Function norm 9.575734019655e-02
  1 SNES Function norm 2.315742774133e-10
  0 SNES Function norm 8.485869603866e-02
  1 SNES Function norm 2.193974172765e-10
  0 SNES Function norm 7.680063008327e-02
  1 SNES Function norm 2.286052662152e-10
  0 SNES Function norm 7.017051545442e-02
  1 SNES Function norm 2.319819486674e-10
  0 SNES Function norm 6.429797982304e-02
  1 SNES Function norm 2.308253129680e-10
  0 SNES Function norm 5.910522794241e-02
  1 SNES Function norm 2.235492934300e-10
  0 SNES Function norm 5.439770820765e-02
  1 SNES Function norm 2.277311970052e-10
  0 SNES Function norm 5.016905130792e-02
  1 SNES Function norm 2.288617484040e-10
  0 SNES Function norm 4.635428280611e-02
  1 SNES Function norm 2.215192525891e-10
  0 SNES Function norm 4.267286201342e-02
  1 SNES Function norm 2.271918721110e-10
  0 SNES Function norm 3.954775667026e-02
  1 SNES Function norm 5.205577007287e-02
  2 SNES Function norm 4.982794446138e-02
  3 SNES Function norm 2.806952651932e-01
  4 SNES Function norm 2.769314189537e-01
  5 SNES Function norm 2.635755218412e-01
  6 SNES Function norm 1.457620902051e-01
  7 SNES Function norm 1.070351992663e-01
  8 SNES Function norm 5.162377849839e-02
  9 SNES Function norm 3.012653563233e-02
 10 SNES Function norm 2.388348838940e-02
 11 SNES Function norm 1.881150865155e-02
 12 SNES Function norm 1.534494672566e-02
 13 SNES Function norm 1.317819155213e-02
 14 SNES Function norm 1.099541159810e-02
 15 SNES Function norm 6.929774299286e-03
 16 SNES Function norm 1.681652700832e-03
 17 SNES Function norm 5.901638155302e-05
 18 SNES Function norm 3.605298392952e-08
    Linear DIRK33-Equation_ solve converged due to CONVERGED_ITS iterations 1
    Linear DIRK33-Equation_ solve converged due to CONVERGED_ITS iterations 1
    Linear DIRK33-Equation_ solve converged due to CONVERGED_ITS iterations 1
  step  40  picard  17 (res 9.92e-05)  newton ok  |u|max 2.10  dt 2.00e-03  Co 0.202  psi [-0.0183, +1.0530]  dV 3.02e-01  strain max 2.542
  ** level set left [0, 1] by 0.0530 at step 40 **

RUN ABANDONED — AdvectionBroke: level set range [-0.0183, 1.0530] at step 40: the conservative level set must stay in [0, 1]. Everything downstream of the material field is now meaningless.
Saving the state at failure anyway; the fields below are the last ones computed.
wrote per-step history to rift_long_history.json
RESULT {"failure": "AdvectionBroke: level set range [-0.0183, 1.0530] at step 40: the conservative level set must stay in [0, 1]. Everything downstream of the material field is now meaningless.", "steps_completed": 41, "steps_requested": 80, "damper": 1e+21, "seed_km": 10.0, "heat_flow": 0.055, "reini_steps": 12, "reini_factor": 0.5, "nx": 96, "ny": 48, "seconds": 877.77, "level_set_range": [[-0.0182907276913369, 1.0151887267506992], [-0.0005072799297688647, 1.0529667993209477]], "level_set_excursion": 0.05297, "volume_drift": 0.302352, "strain_in_seed": 1.2984, "strain_outside": 0.0963, "strain_max_initial": 1.561, "strain_max_final": 2.542, "strain_mean_final": 0.09007, "weak_fraction_final": 0.00881, "output": "rift_long.npz"}
